mode,rope_length_m,window,direction,start_boot_s,end_boot_s,sample_count,a_position_rms_m_s2,a_position_p95_m_s2,a_position_peak_m_s2,a_position_band_055_075_energy,a_tracking_rms_m_s2,a_tracking_p95_m_s2,a_tracking_peak_m_s2,a_tracking_band_055_075_energy,a_observer_error_rms_m_s2,a_observer_error_p95_m_s2,a_observer_error_peak_m_s2,a_observer_error_band_055_075_energy,a_velocity_total_rms_m_s2,a_velocity_total_p95_m_s2,a_velocity_total_peak_m_s2,a_velocity_total_band_055_075_energy,a_velocity_total_jerk_rms_m_s3,a_velocity_total_jerk_p95_m_s3,a_velocity_total_jerk_peak_m_s3,a_nominal_rms_m_s2,a_nominal_p95_m_s2,a_nominal_peak_m_s2,a_nominal_band_055_075_energy,a_nominal_jerk_rms_m_s3,a_nominal_jerk_p95_m_s3,a_nominal_jerk_peak_m_s3,a_z3_rms_m_s2,a_z3_p95_m_s2,a_z3_peak_m_s2,a_z3_band_055_075_energy,a_as_rms_m_s2,a_as_p95_m_s2,a_as_peak_m_s2,a_as_band_055_075_energy,a_pas_rms_m_s2,a_pas_p95_m_s2,a_pas_peak_m_s2,a_pas_band_055_075_energy,a_final_rms_m_s2,a_final_p95_m_s2,a_final_peak_m_s2,a_final_band_055_075_energy,a_final_jerk_rms_m_s3,a_final_jerk_p95_m_s3,a_final_jerk_peak_m_s3,p_position_positive_integral,p_position_negative_integral,p_position_net_integral,p_position_mean,p_tracking_positive_integral,p_tracking_negative_integral,p_tracking_net_integral,p_tracking_mean,p_observer_error_positive_integral,p_observer_error_negative_integral,p_observer_error_net_integral,p_observer_error_mean,p_velocity_total_positive_integral,p_velocity_total_negative_integral,p_velocity_total_net_integral,p_velocity_total_mean,p_nominal_positive_integral,p_nominal_negative_integral,p_nominal_net_integral,p_nominal_mean,p_z3_positive_integral,p_z3_negative_integral,p_z3_net_integral,p_z3_mean,p_as_positive_integral,p_as_negative_integral,p_as_net_integral,p_as_mean,p_pas_positive_integral,p_pas_negative_integral,p_pas_net_integral,p_pas_mean,p_final_positive_integral,p_final_negative_integral,p_final_net_integral,p_final_mean
VFB_L08_W00,0.8,route,all,52.74,109.028,6859,0.02647999817639094,0.04944865834042516,0.07982187526765455,1.5144267614222513e-05,0.07327099563032495,0.13759493482805263,0.2194416714823561,0.0010078067810748853,0.05683372114600336,0.10700653638829191,0.18812426201062182,0.001848735015526856,0.04703648551132051,0.10243288795545857,0.17585945085321814,0.0006876973575170929,0.8974376354435644,0.9278984532986939,16.314372993317566,0.05392369950547517,0.11547922373757549,0.2087553772773764,0.0007475924094277907,1.0719475887118985,1.5490242426749414,18.16733736604645,0.029769447813507766,0.05210668743100324,0.07187214063994372,7.762749640272266e-05,0.0746700637009657,0.17407859750397778,0.20000001339099865,0.00681840248368078,0.01994498028542584,0.06881950757554994,0.0800000101261042,0.00011442598944101419,0.1793502780772242,0.503349756504986,0.7766937666105419,0.00690197141662441,1.9535079632106869,2.189640985494647,39.13184934335465,0.053668211409120585,-0.056620193262123385,-0.0029519818530028027,-5.5914656466096354e-05,0.10604348931952065,-0.23515540630452894,-0.12911191698500826,-0.002366594686247319,0.24164939908467487,-0.029641279686897615,0.21200811939777725,0.0037973161271937016,0.14068236164833198,-0.05778615859023094,0.08289620305810105,0.0014307214512877923,0.1527210818927341,-0.07277686068945413,0.07994422120327996,0.001374806793008931,0.07308680989324182,-0.05434622694691492,0.01874058294632691,0.00034105954583824743,0.0,-0.4756931061388498,-0.4756931061388498,-0.008455818018088935,2.5616182574589812e-05,-0.06273765017731768,-0.0627120339947431,-0.001099368898650375,0.22243125376892303,-0.5722549203274153,-0.3498236665584923,-0.006375917124332111
VFB_L08_W00,0.8,north_move,north,57.996,64.236,753,0.025235993415267687,0.042603337068650424,0.0549705798002425,0.0,0.08632196391931221,0.16127621385531787,0.21303604329002443,0.0,0.07082803765697591,0.12163587557484949,0.13153304652997727,0.0,0.0624321879952252,0.1570103598560816,0.17585945085321814,0.0,1.2030353046006483,1.5125925384035361,16.314372993317566,0.07183448903717914,0.18597421135458267,0.2087553772773764,0.0,1.4501026756263502,1.8274917926076426,17.690341013352253,0.030732098826287548,0.05161905707120901,0.05586266742910467,0.0,0.10447825847875995,0.1999999943163635,0.20000001221320585,0.0,0.02931958120234287,0.07999999789233335,0.0800000063811002,0.0,0.2541379088880688,0.6197820277912697,0.7672510604234654,0.0,2.7069163202672772,3.8078416835872053,30.822498707069318,0.009924089357998109,-0.006074500520144329,0.003849588837853781,0.0005774121093182297,0.02597362709086338,-0.039620258906156725,-0.013646631815293343,-0.00247586621906018,0.047355376764876334,-0.004795888040473067,0.04255948872440327,0.006976102626676169,0.03541696237272844,-0.0065041052522592175,0.028912857120469218,0.0045002364261763845,0.04138958166202246,-0.008627135654794903,0.03276244600722755,0.005077648530344812,0.011580385250083045,-0.006377651197540327,0.005202734052542719,0.0008242686731406425,0.0,-0.10185524054354342,-0.10185524054354342,-0.01622721136528371,1.8092755883111754e-05,-0.016866537647671025,-0.01684844489178792,-0.0026666974401334765,0.047376140256037716,-0.11905456376455165,-0.07167842350851393,-0.012568518954589535
VFB_L08_W00,0.8,north_accel,north,57.996,58.996,121,0.013279234831745985,0.018310633204517042,0.024840607303608358,nan,0.09320233175347409,0.13301331547288087,0.13996440534309068,nan,0.07703320052151766,0.12743800452579218,0.1285171314292199,nan,0.06973388182163967,0.12461546721244623,0.12678107778789674,nan,2.631090267454028,5.024786642201938,16.314372993317566,0.07339924121579751,0.13725503077796639,0.15155251117599008,nan,2.934898870655057,5.623834932841335,17.690341013352253,0.011055641347064462,0.013974092125900506,0.014289310621588924,nan,0.13293975199585428,0.20000000277000737,0.20000001022864275,nan,0.04485844505154266,0.08000000242145798,0.0800000063811002,nan,0.3965983839557452,0.644219230163609,0.6923608754677802,nan,5.255846278330868,8.329608313728814,30.822498707069318,0.0009494132077015895,-0.00029751237419259634,0.0006519008335089933,0.0006295547250938248,0.009275757720999516,-0.0021016270558466546,0.0071741306651528615,0.0071942047396995135,0.005251766698434955,-0.002609579701818804,0.00264218699661615,0.002711448708184006,0.010419016103027371,-0.0006026982423500498,0.00981631786067732,0.0099056536045064,0.011108582951128475,-0.0006403643433005007,0.010468218607827973,0.010535208266642145,0.0012171569734637168,-0.00014304978984728,0.0010741071836164369,0.0010666334952881044,0.0,-0.025978793715359674,-0.025978793715359674,-0.025902352680659983,0.0,-0.007075729366857569,-0.007075729366857569,-0.007019957063781205,0.023747442529471245,-0.031133822676725768,-0.007386380147254525,-0.008053659092537082
VFB_L08_W00,0.8,north_cruise,north,58.996,63.236000000000004,517,0.027677633844860588,0.045179536721558784,0.0549705798002425,nan,0.07390779715584855,0.15578824887078707,0.17307726455457106,nan,0.06427773792485286,0.11206949357014537,0.12130693439220658,nan,0.040033793961680046,0.11682823063030613,0.12920887909957368,nan,0.22532095351746168,0.4264371749098634,2.060668113414262,0.04783440753437113,0.12741047142020107,0.15619116461754992,nan,0.8758218273872098,1.649704431486177,5.377148080154607,0.034407243912419436,0.053291104836505156,0.05586266742910467,nan,0.08665979980361112,0.1827226319040138,0.20000001133209838,nan,0.014704447848082697,0.032907769841942006,0.08000000161069011,nan,0.11258678454127864,0.26094456031187174,0.32376331906606104,nan,1.556628559038629,2.198708956724743,13.742573378061719,0.00555952793092636,-0.00574604647645725,-0.00018651854553089042,-9.049956776064654e-05,0.0032207538925448846,-0.029921442126737904,-0.026700688234193023,-0.006244774028808444,0.02915482673326094,-0.0005424084142123316,0.028612418319048608,0.006739400052680531,0.0067455963887549895,-0.004833866297312845,0.0019117300914421446,0.0004946260283606282,0.009041592355062583,-0.007316380882191825,0.0017252114728707583,0.0004041264548339479,0.006550307635145136,-0.006120810195134253,0.00042949744001088324,8.182716446824424e-05,0.0,-0.04702362382906662,-0.04702362382906662,-0.011201936576085236,7.145274314098337e-06,-0.0020263617428717454,-0.0020192164685576474,-0.0005206828997168704,0.0015362013503379878,-0.049525481882748745,-0.04798928053241076,-0.0114940783266244
VFB_L08_W00,0.8,north_decel,north,63.236000000000004,64.236,115,0.023250357593227088,0.04021103194417866,0.041615228753509356,nan,0.12285857904567805,0.1883519204375292,0.21303604329002443,nan,0.0896092369157078,0.12941512266927968,0.13153304652997727,nan,0.11489231524866249,0.1753805771354261,0.17585945085321814,nan,1.4029058365362863,2.441682817060338,7.442934041831292,0.13353980580953567,0.20810919061633343,0.2087553772773764,nan,1.1225409516862987,1.9955846170118618,6.534383425123147,0.027080477056192046,0.052101557804850915,0.054155876325660386,nan,0.13826463558880744,0.20000000091248943,0.20000001221320585,nan,0.050392827053532284,0.0799999993429496,0.08000000171941234,nan,0.44767818185184444,0.7310023418172229,0.7672510604234654,nan,2.8340906466305618,5.139548341881308,12.117918851839214,0.0033720879226893674,-3.094166949448281e-05,0.0033411462531948845,0.003525247592282856,0.013259833636577272,-0.007524639937153458,0.0057351936994238135,0.004293235969026168,0.012861142922891245,-0.0016438999244419307,0.011217242998449313,0.01252739266922657,0.018019097271448133,-0.0010666605778387138,0.016952436693609414,0.01682062857480955,0.020963973570789676,-0.0006703904293025784,0.0202935831414871,0.020345876225537327,0.00372568296486858,-0.00011379121255879272,0.0036118917523097873,0.003907017512304008,0.0,-0.028409604238924573,-0.028409604238924573,-0.028639167598806164,1.0947481569013418e-05,-0.007611383561044897,-0.0076004360794758846,-0.007734046161298782,0.022012459959578644,-0.03800979963300021,-0.01599733967342157,-0.022149248067340158
VFB_L08_W00,0.8,east_move,east,69.524,75.70400000000001,746,0.030040506597915375,0.05221080437662583,0.06909130831918726,0.0,0.07949866384484149,0.13403565061410444,0.1604353583041183,0.0,0.0638953397828386,0.1109713900882167,0.15762708569699502,0.0,0.0590038185291564,0.112119443516873,0.14809553498683473,0.0,1.3628554978880247,1.4729729972255508,11.960531392646843,0.06682174048296675,0.14293452756979447,0.17401982734061117,0.0,1.6005352463311835,2.6784953094630364,12.808466704096656,0.03818859398820545,0.06597187135016148,0.07187214063994372,0.0,0.09944354725964297,0.19925164946584234,0.20000001339099865,0.0,0.03086500513955319,0.07999999907707275,0.08000000733774842,0.0,0.2542748387692141,0.5937300274775311,0.7445639249877243,0.0,2.9066033515629823,4.334491271519478,39.13184934335465,0.009618399825303534,-0.008298592421226186,0.001319807404077346,0.0002673316537427441,0.021407287886744637,-0.03260237915122505,-0.011195091264480404,-0.0018575251009037162,0.039091341678169494,-0.0038513286252582586,0.03524001305291123,0.005773009547126317,0.03163125678238082,-0.007586334718561407,0.024044922063819415,0.003915484491320396,0.03435082975202762,-0.008986100345458728,0.025364729406568892,0.004182816133664996,0.013625750626610186,-0.010079631119639085,0.003546119506971099,0.0006862693547803175,0.0,-0.08883716485795584,-0.08883716485795584,-0.014593154734724589,0.0,-0.015820207742333857,-0.015820207742333857,-0.0026005451123618105,0.057644718823791526,-0.1115427711642582,-0.053898052340466684,-0.008669826747948844
VFB_L08_W00,0.8,east_accel,east,69.524,70.524,116,0.022280892729978498,0.03670645474479897,0.0433414200250996,nan,0.08251418729381592,0.1260551606407217,0.15015212890730736,nan,0.0668833286971189,0.10959851664291377,0.11109872473400215,nan,0.05178982818386659,0.10694001932982763,0.11867285350448617,nan,2.6052093099121243,5.656031971050668,11.960531392646843,0.06931336343283126,0.1419641051481449,0.16119992250297882,nan,2.9649843862833536,6.779898517328687,12.808466704096656,0.024729870096242043,0.040762082075140565,0.0411435633146811,nan,0.11370556358402079,0.1725398321711909,0.1746804148360371,nan,0.04852981731133959,0.08000000249931385,0.08000000733774842,nan,0.4331590233846783,0.6501204421393052,0.7445639249877243,nan,5.879133579966546,10.158450356405226,39.13184934335465,0.0022629313347861326,-0.0007245676938909961,0.001538363640895136,0.0016973457889529026,0.007344522603612879,-0.00414481112686913,0.0031997114767437496,0.0036681431984420514,0.004981608797796026,-0.002367433287028697,0.0026141755107673276,0.0025374546252162965,0.0061535883354554375,-0.000339701246287863,0.005813887089167575,0.006205597959633686,0.008016364139286464,-0.0006641134045203027,0.007352250734766162,0.007902943755997795,0.0029618497196188657,-0.00027328425616724035,0.0026885654634516256,0.0029528885282333844,0.0,-0.017501424521120513,-0.017501424521120513,-0.01864468986316532,0.0,-0.005719022459816233,-0.005719022459816233,-0.006232275847337562,0.03177996331453336,-0.0252008368610147,0.0065791264535186595,0.008924881296934473
VFB_L08_W00,0.8,east_cruise,east,70.524,74.70400000000001,508,0.033801968033373646,0.05494316521725315,0.06909130831918726,nan,0.07403258862966497,0.13423619257639466,0.14216637717816988,nan,0.05273883385182752,0.07865307946074507,0.08581782817189261,nan,0.04991694715007343,0.08999501452110087,0.11153488421315988,nan,0.21122849524463147,0.43853194708844795,1.3325712625955577,0.054610483908451316,0.11795953396756705,0.15769364990363183,nan,0.942250878335829,1.8058308271889445,5.664984371383915,0.04039578276642136,0.0691896400913439,0.07187214063994372,nan,0.07825659546175816,0.17098563200301398,0.20000001339099865,nan,0.014300831259008393,0.009720292130289084,0.08000000120753113,nan,0.11661301695615198,0.247176627349245,0.29505528832769534,nan,1.3805538837029079,2.0740903696540136,11.788180372014462,0.004958782791836645,-0.007490690273814822,-0.0025319074819781756,-0.0005427859578424782,0.003715208211535318,-0.02236405613308307,-0.01864884792154775,-0.00450441657939315,0.020210769864381264,-0.0002883343078156056,0.019922435556565657,0.004802034818273943,0.008428014966397248,-0.007154426934077086,0.0012735880323201615,0.0002976183311897081,0.007032225372411577,-0.008290544952980624,-0.0012583195805690463,-0.0002451676607112235,0.006301570348281486,-0.008112922156564313,-0.0018113518082828253,-0.0003192694389935506,0.0,-0.038018939372537607,-0.038018939372537607,-0.009198880981946028,0.0,-0.001311922160268266,-0.001311922160268266,-0.00033619025947070517,0.004490825201445738,-0.045536097302523504,-0.041045272101077765,-0.009750449592039636
VFB_L08_W00,0.8,east_decel,east,74.70400000000001,75.70400000000001,123,0.017129471033756668,0.026952478350758414,0.032069856758147976,nan,0.09661171081964613,0.137377561126981,0.1604353583041183,nan,0.09516904121660502,0.15529634506360768,0.15762708569699502,nan,0.09153020853549053,0.14696245293579469,0.14809553498683473,nan,2.1693134347416847,5.439587889584877,10.645384237654655,0.10182339856297894,0.17307225527804823,0.17401982734061117,nan,1.9022469893473202,4.813548300541854,10.180451720051437,0.03927492768363818,0.05968468290858616,0.059807885794492005,nan,0.1503412358962765,0.20000000056786538,0.20000000990243416,nan,0.05257485622096851,0.08000000324145194,0.08000000619807805,nan,0.399202387011412,0.6226304190596861,0.6840629627140532,nan,3.3063039461421324,8.43298922371596,14.850998434436162,0.0023870918393658256,-8.333445352036975e-05,0.0023037573858454554,0.002299425976206094,0.010347557071596439,-0.006083678028733448,0.004263879042862993,0.003994623757329819,0.013865632097702443,-0.001195561030413956,0.012670071067288489,0.012808689817301626,0.017026156427106073,-9.220653819645938e-05,0.016933949888909616,0.016803313361386362,0.01926914932666127,-3.144198795780204e-05,0.019237707338703464,0.01910273937942182,0.004317063319496786,-0.0016934247069075338,0.002623638612589253,0.0027510364187821133,0.0,-0.03325839770515442,-0.03325839770515442,-0.033091364395511295,0.0,-0.008789263122249362,-0.008789263122249362,-0.008615029378551839,0.02137393030781242,-0.040652808974496635,-0.01927887866668421,-0.020459136793498957
VFB_L08_W00,0.8,south_move,south,81.004,87.24,769,0.03141352783284758,0.05431939829395195,0.06505332120356257,0.0,0.07667790653889868,0.13695186211497595,0.1575387823692566,0.0,0.061284861521061676,0.09682768340649055,0.1059584670684223,0.0,0.05613997125771213,0.10371156735455139,0.1263884931719045,0.0,1.4531774332142018,1.5906722006442766,16.15059871729843,0.06040839976150224,0.1238573440532724,0.17738469661906914,0.0,1.6325032817408838,1.8721031988994734,17.577569960705674,0.035508368544346386,0.048454387657726646,0.049660054658969534,0.0,0.0941830249322842,0.17478836831500372,0.20000000937567913,0.0,0.02584222282083547,0.07999999669829991,0.0800000101261042,0.0,0.266291863334657,0.6040890343657285,0.7766937666105419,0.0,2.7106659344744233,3.5276175343869602,32.013642399299435,0.009272797760208083,-0.009794247062312928,-0.0005214493021048436,-7.357389599912543e-05,0.00917478370472968,-0.026171320699206194,-0.016996536994476515,-0.0027098550381067033,0.03787848105213197,-0.0022957172337046182,0.03558276381842736,0.005683740630539398,0.02334409568361768,-0.004757868967899433,0.018586226715718246,0.002973885574100286,0.02361462267689435,-0.005549845239827811,0.01806477743706654,0.002900311680649579,0.013288149945226911,-0.010030550470924922,0.003257599474301991,0.0005471518363965362,0.0,-0.08204045492228038,-0.08204045492228038,-0.01320155249250589,1.4003371325093342e-07,-0.010874861819727851,-0.010874721786014601,-0.0017570479529758424,0.05073601818614325,-0.09260757397483009,-0.04187155578868685,-0.006675716386289033
VFB_L08_W00,0.8,south_accel,south,81.004,82.004,124,0.04995194062253844,0.0548102839620486,0.06337725553389763,nan,0.1151586508867437,0.14301851995149006,0.1575387823692566,nan,0.06784782231795765,0.08374006779560647,0.08486270054320612,nan,0.06786810272733242,0.11108351214224221,0.1263884931719045,nan,2.601929443515229,5.6249201828514614,16.15059871729843,0.08257869692458951,0.14842500054296665,0.17738469661906914,nan,2.958708715600891,6.555912907642664,17.577569960705674,0.046693526988694764,0.049619772569518016,0.049660054658969534,nan,0.10451184118743424,0.17342221756235388,0.17556717427617377,nan,0.04527630575642942,0.08000000165775109,0.08000000677307152,nan,0.47757714200483986,0.7050641896308881,0.7766937666105419,nan,5.154247537392898,12.609814015081595,32.013642399299435,0.0041443878466380065,-0.0015339202377945,0.002610467608843507,0.0026407806616912093,0.0022187611242407384,-0.002233592041273288,-1.4830917032550301e-05,-2.7477901693923593e-05,0.003658048535929977,-0.0008147958669578526,0.0028432526689721243,0.0028902272653443016,0.0038280203947071057,-0.0009995986534049816,0.0028284217413021245,0.0028627493661294847,0.007285486373337461,-0.001846597117604655,0.005438889255732806,0.005503529910598563,0.0043591675822244646,-0.0014800567852798713,0.002879110796944593,0.0029209752388822145,0.0,-0.01559675906342451,-0.01559675906342451,-0.015818861397659225,0.0,-0.0053597440551966385,-0.0053597440551966385,-0.005445994958732157,0.03487921163439741,-0.017594358682632323,0.017284852951765083,0.01748852600764123
VFB_L08_W00,0.8,south_cruise,south,82.004,86.24,521,0.028906431794309313,0.05535994858330027,0.06505332120356257,nan,0.06922912336717635,0.1367663719778168,0.14238874841640167,nan,0.059322099487522255,0.09689187218773218,0.1059584670684223,nan,0.04958342866866369,0.10058363227095923,0.10641432302472234,nan,0.2524318096774364,0.5161627458070625,2.8289849657895414,0.05027831002744674,0.10676983805623343,0.15602057506828343,nan,0.8388972896142093,1.6655779777633906,5.683653535884812,0.034182894080787334,0.046298722667266756,0.0474440174696459,nan,0.08865942396877097,0.19062107039940093,0.20000000937567913,nan,0.008384455544281364,0.00736424915138178,0.06896619115768408,nan,0.10954759138429873,0.23521649471807218,0.3481988182005657,nan,1.374302867459328,1.89977621995998,15.345081979136143,0.00434714904828066,-0.008102186084142891,-0.0037550370358622313,-0.0008526728231271505,0.0035618472374189807,-0.021380477080638203,-0.017818629843219223,-0.004183645037049799,0.02809470427875929,-0.00038661067059728664,0.027708093608162006,0.006528236651489515,0.012694144793004855,-0.0028046811444582915,0.009889463648546561,0.0023445915844656686,0.008899736566399896,-0.0027653098390255557,0.0061344267273743406,0.0014919187886312146,0.00695286798851154,-0.007073681026929986,-0.000120813038418448,2.077795165956164e-05,0.0,-0.0501933400268389,-0.0501933400268389,-0.01189987824145716,3.811092028628445e-08,-0.0007197360378340587,-0.0007196979269137723,-0.00018722943089252565,0.0018102833528872546,-0.04688820044202644,-0.045077917089139184,-0.010571249410395871
VFB_L08_W00,0.8,south_decel,south,86.24,87.24,125,0.010720521973474931,0.01918083061732037,0.024723341240675583,nan,0.055139642056911686,0.08563339335436089,0.10650241785101586,nan,0.062236469987990824,0.10172258638459757,0.10414603673430887,nan,0.06762783180488678,0.10802589827690466,0.10928107282800034,nan,2.4392521152895577,5.440242155192876,14.51547620051994,0.07178047120840321,0.11452737003880992,0.1148834388003606,nan,2.172823960931332,4.818649352831775,13.689247661401897,0.02710333580463029,0.03848658789188017,0.0386035544315671,nan,0.10490818867026216,0.16615349296312176,0.1730495995090094,nan,0.042212328245133685,0.08000000096112732,0.0800000101261042,nan,0.40117640105321745,0.6159832036302193,0.682367697000406,nan,3.2905514493683956,9.122398215539606,12.036838213888641,0.000656942299116059,-0.0001581407403755349,0.0004988015587405241,0.0004911417427483684,0.0033503752237593293,-0.002557251577294704,0.0007931236464646253,0.0007850576651981101,0.00599767557065933,-0.001094310696149479,0.004903364874509849,0.004896529352961807,0.006650077706086419,-0.0009535891700361591,0.00569648853605026,0.005681587027967908,0.00713322839979079,-0.0009379382831975996,0.006195290116593191,0.006172728789737448,0.0018664097719811353,-0.001476812658715063,0.000389597113266072,0.0004098768760668463,0.0,-0.015901160321867846,-0.015901160321867846,-0.015976931612502084,1.0192279296464897e-07,-0.004626501800492417,-0.004626399877699453,-0.004626559739685035,0.01365607500113601,-0.028125014850171333,-0.014468939849035323,-0.014640001287264226
VFB_L08_W00,0.8,west_move,west,92.572,98.808,762,0.036951094459343706,0.06357184863616715,0.07982187526765455,0.0,0.10396963507311051,0.18153695823986601,0.2194416714823561,0.0,0.06889101731266906,0.1301760753529776,0.18812426201062182,0.0,0.061157239775237925,0.13613353919017293,0.16836980186716777,0.0,1.3430795137221756,1.7200829685916814,15.091846467935875,0.06814201303820425,0.16628668626705712,0.20682108647885378,0.0,1.730371063444708,1.9446048526700224,18.16733736604645,0.04059712993881221,0.06323624944928671,0.06636762926726428,0.0,0.09912116837391781,0.19999999000476099,0.20000001111933455,0.0,0.027539655380712128,0.07999999740073015,0.08000000613354791,0.0,0.25110805077815446,0.6028197677931559,0.7295152180822875,0.0,3.300187115185613,3.719828010301854,35.242117108027585,0.010994455072341248,-0.012057757153436755,-0.001063302081095508,-0.00019398162675103234,0.03294756688467543,-0.04616190836427567,-0.013214341479600234,-0.0023445085514074804,0.03898782117404341,-0.008316549048846385,0.03067127212519702,0.004969843171601452,0.028181488052652772,-0.010724557207458962,0.01745693084519381,0.002625334656507703,0.029653256998201132,-0.01325962811942805,0.01639362887877308,0.0024313530442457744,0.012559775001045659,-0.012978251909988076,-0.0004184769089424174,-0.00010591589393590665,0.0,-0.0928374370549572,-0.0928374370549572,-0.014616842778267474,1.7484423588028227e-06,-0.015374085562594536,-0.015372337120235731,-0.0023483654656675105,0.05290297409767141,-0.11587072449648267,-0.06296775039881125,-0.010343577671964015
VFB_L08_W00,0.8,west_accel,west,92.572,93.572,117,0.016213340716559967,0.030458932459120357,0.04050343327370337,nan,0.12347372311108522,0.18332209201602964,0.1932315080639165,nan,0.08517984266580514,0.13257245928115174,0.13789313583228602,nan,0.07462261536917962,0.16224170272007649,0.16836980186716777,nan,3.0977310609140005,7.230035286211459,15.091846467935875,0.08618869416638826,0.1910429004971035,0.20682108647885378,nan,3.8726710231491444,7.57736039581809,18.16733736604645,0.021883840110705443,0.025081354496843435,0.02571311910079994,nan,0.11896943669768159,0.19999999310517055,0.200000008719676,nan,0.04383256711480037,0.08000000118472565,0.08000000613354791,nan,0.4189456515987932,0.6504432148847796,0.7251082769492068,nan,7.053344011698939,14.986057939035886,35.242117108027585,0.0017608836534200732,-0.00018678105796425247,0.001574102595455821,0.0015340205918463706,0.01569680732011351,-0.004009964765748022,0.011686842554365487,0.010795864698966632,0.004219745239242917,-0.0051095603655558425,-0.0008898151263129255,-0.0005263599674575604,0.01117783124196484,-0.0003808038591523648,0.010797027382812477,0.010269504727987693,0.012754442485784471,-0.0003833122749420077,0.012371130210842464,0.01180352552705116,0.0017483513782644857,-0.0001972935585908961,0.0015510578196735896,0.0015395059522894821,0.0,-0.021658706829650442,-0.021658706829650442,-0.020557241416566122,0.0,-0.006947391772642753,-0.006947391772642753,-0.006473982688755943,0.0315577674028465,-0.01910575416404764,0.012452013238798862,0.010403414741685837
VFB_L08_W00,0.8,west_cruise,west,93.572,97.808,526,0.042404120486961724,0.06739701287563739,0.07982187526765455,nan,0.0869483157739273,0.17804632513094754,0.1853153717723671,nan,0.05441381016441745,0.09647591192025626,0.10012596822079388,nan,0.05155385771790523,0.1330761733485914,0.16319505373998686,nan,0.17211344933155584,0.44571001773505947,0.8159337452462243,0.06127665360838424,0.16985605195806905,0.20667030778340365,nan,0.797672001232669,1.6515962369069004,5.052768680896624,0.04300188066708683,0.06486125722359955,0.06636762926726428,nan,0.08245779835287038,0.18968162820102438,0.20000001111933455,nan,0.014020231932992313,0.025758421861166156,0.08000000089320332,nan,0.13200076067998254,0.3003802902261907,0.35552490395698105,nan,1.07682248707789,2.0765270594815575,6.875976448332775,0.007072390371948158,-0.010333247187678316,-0.003260856815730159,-0.000730836518168906,0.004321501910442812,-0.03162978946086088,-0.027308287550418073,-0.006441366823372176,0.02492259590422332,-0.0002101417896628874,0.024712454114560432,0.005837050281956139,0.00659239175137196,-0.00918822500874922,-0.002595833257377259,-0.0006043165049158071,0.006698607410879111,-0.012555297549298027,-0.005856690138418916,-0.0013351530419431117,0.006990414126030435,-0.009090036764217074,-0.0020996226381866396,-0.000464822301646114,0.0,-0.04400834686658356,-0.04400834686658356,-0.01041654401489702,1.7484423588028227e-06,-0.00159378493623809,-0.001592036493879287,-0.0003899877352495952,0.0034084303822428954,-0.05736830454348108,-0.05395987416123819,-0.012705714544033287
VFB_L08_W00,0.8,west_decel,west,97.808,98.808,119,0.023165553544105412,0.0390018151127804,0.043087888260637856,nan,0.14426460778854575,0.20277414190288057,0.2194416714823561,nan,0.1008414685909526,0.18534275809121145,0.18812426201062182,nan,0.08201849486355307,0.12986326453326544,0.13323216911562488,nan,1.39879858492388,3.2942144399786852,4.981358352867094,0.07636969689101832,0.12197457494939702,0.12397164815292552,nan,1.2502786293406136,3.188015157345521,4.486480955696861,0.04369317001999401,0.056924825510083495,0.05705861263120943,nan,0.13763435873063298,0.19999999827380105,0.2000000040953337,nan,0.04581109119545503,0.08000000160618102,0.08000000559249226,nan,0.3926602288011356,0.6780277308132281,0.7295152180822875,nan,3.946855719630962,4.4665948666495865,27.754732738458664,0.002105871416042623,-0.0015377289077941855,0.0005681425082484375,0.00048004705652548345,0.012672353797126529,-0.010449730310763695,0.0022226234863628336,0.00284476691716108,0.009770883275370621,-0.002985558653541373,0.006785324621829252,0.006540471971797573,0.01016317607200476,-0.0011552278586023305,0.00900794821340243,0.009385238963613646,0.009897108985467685,-0.0003210182951880191,0.009576090690279664,0.009865285992540935,0.003723284841107687,-0.003690921587180106,3.2363253927581356e-05,-0.00013725694900146488,0.0,-0.026831302846199737,-0.026831302846199737,-0.027342309239207954,0.0,-0.006704721934918656,-0.006704721934918656,-0.006948445054730342,0.017720221238724826,-0.0391090128344949,-0.021388791595770076,-0.020300839165145492
VFB_L08_W00,0.8,movement,all,57.996,98.808,3030,0.031213336026754756,0.05488961710351453,0.07982187526765455,0.0,0.0872839720283923,0.15658837650648016,0.2194416714823561,0.0,0.06632206101387553,0.11712214946475928,0.18812426201062182,0.0,0.05971848712649604,0.1268834859803209,0.17585945085321814,0.0,1.344186760762339,1.6225924901960576,16.314372993317566,0.06689990545088537,0.14831037284717793,0.2087553772773764,0.0,1.6072045876926804,1.9503760205288716,18.16733736604645,0.036445106914737624,0.057862050047248335,0.07187214063994372,0.0,0.09934564766383697,0.19999998526105198,0.20000001339099865,0.0,0.028432438083174118,0.07999999783814131,0.0800000101261042,0.0,0.2565610339015977,0.6035685342244526,0.7766937666105419,0.0,2.916560900699527,3.8109700011188097,39.13184934335465,0.03980974201585097,-0.036225097157120204,0.0035846448587307745,0.00014185755986834982,0.08950326556701313,-0.14455586712086363,-0.05505260155385049,-0.002349978557327737,0.1633130206692212,-0.01925948294828233,0.14405353772093887,0.005847355591316334,0.11857380289137973,-0.02957286614617902,0.0890009367452007,0.0034973770541840998,0.12900829108914555,-0.03642270935950949,0.09258558172963606,0.003639234614256943,0.0510540608229658,-0.03946608469809241,0.011587976124873391,0.0004860340265844212,0.0,-0.3655702973787368,-0.3655702973787368,-0.014652017047504958,1.9981231955165508e-05,-0.05893569277232727,-0.05891571154037211,-0.0023394898306664967,0.2086598513636439,-0.4390756334001226,-0.23041578203647872,-0.009553537166293268
VFB_L08_W00,0.8,movement_accel,all,57.996,98.808,478,0.02960988185000407,0.05323017630859516,0.06337725553389763,nan,0.1049911930901736,0.16137862917084486,0.1932315080639165,nan,0.07455107252430113,0.12709687075368636,0.13789313583228602,nan,0.06663154389361355,0.12565721513734182,0.16836980186716777,nan,2.7399334041789785,5.723615949676163,16.314372993317566,0.07821096281680778,0.15132883730467678,0.20682108647885378,nan,3.203472267129187,6.6142165525767975,18.16733736604645,0.029362764537251933,0.049158799190932446,0.049660054658969534,nan,0.11793723098416577,0.19999999017485012,0.20000001022864275,nan,0.0456397327603394,0.08000000169310331,0.08000000733774842,nan,0.43298623727939584,0.6683622862999306,0.7766937666105419,nan,5.870572239655808,13.183305189197254,39.13184934335465,0.009117616042545802,-0.002742781363842345,0.006374834678703457,0.00163181055345319,0.03453584876896664,-0.012489994989737095,0.022045853779229546,0.0053466784403597666,0.018111169271403875,-0.010901369221361198,0.0072098000500426754,0.0019230838805973096,0.031578456075154755,-0.002322802001195259,0.029255654073959497,0.007269762393383678,0.039164875949536875,-0.003534387140367466,0.03563048880916941,0.00890157295300973,0.010286525653571533,-0.002093684389885288,0.008192841263686244,0.002121173322686605,0.0,-0.08073568412955513,-0.08073568412955513,-0.020216955559696683,0.0,-0.025101887654513193,-0.025101887654513193,-0.0062868580595730455,0.1219643848812485,-0.09303477238442043,0.02892961249682808,0.007210397970653069
VFB_L08_W00,0.8,movement_cruise,all,57.996,98.808,2072,0.03373199052770843,0.05775522066050356,0.07982187526765455,nan,0.07636103222519926,0.14185080154500962,0.1853153717723671,nan,0.05787362132057961,0.09879517840994644,0.12130693439220658,nan,0.04799690657665723,0.1014472978764399,0.16319505373998686,nan,0.2170917158243062,0.45074283389669373,2.8289849657895414,0.05376758214948738,0.12644767430103074,0.20667030778340365,nan,0.8646617968099882,1.6777498937400668,5.683653535884812,0.03819308716537131,0.06092283624203673,0.07187214063994372,nan,0.08413026555471394,0.18458535281640615,0.20000001339099865,nan,0.01310227005462526,0.02497845631838459,0.08000000161069011,nan,0.11805810560974704,0.25948915451640575,0.35552490395698105,nan,1.3566765082433287,2.052352175501819,15.345081979136143,0.02193785014299182,-0.03167217002209328,-0.009734319879101457,-0.0005555917434953297,0.014819311251941995,-0.10529576480132005,-0.09047645354937807,-0.005349724811111195,0.10238289678062482,-0.0014274951822881112,0.10095540159833671,0.005982240954948825,0.03446014789952905,-0.023981199384597446,0.010478948514931608,0.0006325161693183954,0.03167216170475317,-0.03092753322349603,0.0007446284812571364,7.692441810938011e-05,0.026795160097968597,-0.030397450142845627,-0.00360229004487703,-0.0001706348691263831,0.0,-0.17924425009502667,-0.17924425009502667,-0.010686955339912964,8.931827593187444e-06,-0.00565180487721216,-0.005642873049618973,-0.00035842557586922454,0.011245740286913877,-0.19931808417077976,-0.1880723438838659,-0.011142130154729106
VFB_L08_W00,0.8,movement_decel,all,57.996,98.808,482,0.019135019817050437,0.03723557462619236,0.043087888260637856,nan,0.10913280553184897,0.18205097145832827,0.2194416714823561,nan,0.08798978226483586,0.15954451133841555,0.18812426201062182,nan,0.09019000619517913,0.16513310151879176,0.17585945085321814,nan,1.924525831406724,4.4601786038873295,14.51547620051994,0.09836998886750864,0.1940484964495894,0.2087553772773764,nan,1.68531324843324,3.594234329027679,13.689247661401897,0.03507760784104239,0.05753576872756624,0.059807885794492005,nan,0.1336414065159324,0.19999999926216513,0.20000001221320585,nan,0.04786947631331033,0.08000000147866788,0.0800000101261042,nan,0.4102293725736808,0.6778334366767109,0.7672510604234654,nan,3.3701754286277525,7.818366049458383,27.754732738458664,0.008521993477213875,-0.0018101457711845728,0.006711847706029301,0.0016737576467965906,0.03963011972905957,-0.026615299853945305,0.013014819875114264,0.002949627240418069,0.042495333866623644,-0.006919330304546738,0.03557600356207691,0.009142118959031727,0.05185850747664539,-0.0032676841446736627,0.04859082333197172,0.012091746150870608,0.057263460282709414,-0.001960788995645999,0.05530267128706342,0.01376550382040504,0.013632440897454188,-0.006974950165361496,0.006657490732092694,0.0017066089751085938,0.0,-0.10440046511214658,-0.10440046511214658,-0.026171355488670344,1.1049404361978067e-05,-0.027731870418705333,-0.027720821014343356,-0.006959022512624017,0.0747626865072519,-0.1458966362921631,-0.07113394978491118,-0.019314185425113758
VFB_L08_W00,0.8,normal_hover,all,52.74,92.532,2532,0.021786698689650053,0.04333443912032313,0.051017770076439636,0.0,0.05556303737827885,0.10352102841807401,0.12721342245097347,0.0,0.043358671533646136,0.07879834608120137,0.09346599821203107,0.0,0.03276184724560518,0.052249842384967736,0.13840297094127926,0.0,0.12204506490098854,0.2360245750832286,1.0454875268686092,0.03905836607403402,0.06845678493206052,0.16960975152788516,0.0,0.127376210679205,0.23268336645329016,1.0576718165157502,0.021421471162443115,0.03790356368272274,0.04344240201537222,0.0,0.047529861580159045,0.11148696653779509,0.19803608603705145,0.0,0.003992431378080133,0.0,0.06627630000282148,0.0,0.07605000335880921,0.16719176363375743,0.2839176304163526,0.0,0.31875105928122377,0.5991458460295609,4.89043228977755,0.00845402689605975,-0.014806152657254368,-0.00635212576119462,-0.00031235191006056417,0.00887115016704115,-0.05558166857565207,-0.04671051840861093,-0.002276991813827184,0.04742904306899456,-0.00525725732565791,0.042171785743336646,0.0020405492962259184,0.014453065886592864,-0.018991798499050482,-0.004538732612457615,-0.00023644251465098511,0.013715110171160004,-0.024605968602428075,-0.010890858431268075,-0.0005487944270787639,0.012521131442159337,-0.009196652905019153,0.0033244785371401822,0.00016096597935991597,0.0,-0.07499073125506782,-0.07499073125506782,-0.003660857532378393,3.482695115963458e-06,-0.0006401402944102232,-0.0006366575992942597,-2.8911387229208495e-05,0.0095271507997719,-0.09272091903959825,-0.08319376823982635,-0.00407759734358388
VFB_L08_W00,0.8,final_10s,all,99.028,109.028,1230,0.022419504914174382,0.04054396009547982,0.042297909435679425,4.092413971656229e-06,0.06368951636663432,0.11940949629135746,0.14435030691060663,0.0001939886504205465,0.05512572625280247,0.1114581265658321,0.12948391576407042,0.0002287913574135122,0.03238060322152275,0.050622391857181315,0.058438277793378235,1.566720106344032e-05,0.07926179454110806,0.14614652608282105,0.26530903874467826,0.04035444530646036,0.07226150886621958,0.0841510695583731,3.2611517059262475e-05,0.09495008914555866,0.1697426006719855,0.37548103489435536,0.026025563217454632,0.04944192689916598,0.05390214491338699,1.3543663249079851e-05,0.039160009393093345,0.10251035987068977,0.17601919197313223,0.0001431393017246234,0.012940765869432953,0.03413512414039183,0.07323261597871675,7.777695115453606e-06,0.06440648878573603,0.11680820947317133,0.18523907596835854,0.00020437809178101135,0.2955894585566793,0.46812257972264376,2.8864705507107096,0.005285740240565242,-0.00464319825897676,0.0006425419815884829,5.782154520141734e-05,0.006941675502270294,-0.026146601809881508,-0.01920492630761122,-0.0019255858010401277,0.025632926474983622,-0.004747622845686231,0.020885303629297393,0.0020930945591203453,0.00700102103715869,-0.0053206438968463315,0.0016803771403123583,0.000167508741998475,0.009328707129827302,-0.0070057879672567,0.002322919162570602,0.00022533029075882182,0.007477758573325842,-0.005413657532961897,0.0020641010403639436,0.00020046604703153888,0.0,-0.026182999615837994,-0.026182999615837994,-0.0026623760268332662,0.0,-0.0029201161420496606,-0.0029201161420496606,-0.0002886176169030056,0.003989444760742239,-0.028705540302844983,-0.024716095542102745,-0.0025251973073517286
VFB_L08_W25,0.8,route,all,44.56,100.544,6835,0.031195120963619517,0.05585631262595805,0.10397328449349785,4.365069065737647e-06,0.09243048099066654,0.18946192690791958,0.24721019760741358,0.0005861313720323429,0.05774539852252146,0.12064029641715536,0.20986328481401637,0.0006868858488712016,0.05591735343938396,0.10984754429224126,0.1628108657768504,0.0005557216579065436,0.6826928921079519,0.932005224561372,13.56130425560845,0.06114475982943806,0.1326983967063343,0.19322604518364658,0.0005860665620196928,0.8584264883596769,1.479987634697712,16.3661135931292,0.03148444037212015,0.060376668812390386,0.07913353885473419,3.030290030368959e-05,0.06899017728882534,0.17703975455549714,0.20000001597512138,0.004381924719991269,0.021474648021799797,0.07999999276440029,0.08000000808504971,0.00014939294276121071,0.1917376191785446,0.5162030800758751,0.800000065618276,0.005571171405171022,1.4187508667026896,2.3098917274116157,18.09438670190117,0.048230717551400945,-0.06166258518078253,-0.013431867629381589,-0.00023568408130888015,0.12602673435797093,-0.2197425242474222,-0.09371578988945127,-0.0016848541812361448,0.16008172237702134,-0.036344576158032826,0.12373714621898853,0.0022256272130210682,0.12643599724123353,-0.09641463907990448,0.03002135816132904,0.0005407730662840727,0.134484957541192,-0.11789546762950137,0.016589489911690625,0.00030508897449480263,0.05535069736102671,-0.04739617380365914,0.007954523557367574,0.00014820170456634953,0.0,-0.40854392242879417,-0.40854392242879417,-0.0072562629727319404,3.4153794986197806e-05,-0.0643063909786867,-0.06427223718370051,-0.0011376901997033604,0.25027029052003497,-0.5599338787099648,-0.3096635881899298,-0.005520023882523395
VFB_L08_W25,0.8,north_move,north,49.832,56.016,763,0.03727252446154522,0.061129290670002036,0.07483264037393937,0.0,0.09682029057642655,0.1532265817848007,0.1999311372558257,0.0,0.049255907606255686,0.08477440047607981,0.10335401113788115,0.0,0.06946457789751609,0.13716596615627816,0.1622505372614953,0.0,0.9765549216634161,1.642318060200249,13.56130425560845,0.07751028469999006,0.1595031478235949,0.19322604518364658,0.0,1.2153479776478902,1.7808661888808528,16.3661135931292,0.042854415220335874,0.07254106488526024,0.07565329477049494,0.0,0.09291191767627681,0.1999999916257342,0.20000001439796447,0.0,0.03128869093672647,0.0799999991339014,0.08000000660088566,0.0,0.27513214279568315,0.6257683721875886,0.7409268930817461,0.0,1.990743700570765,3.9267170446248514,18.09438670190117,0.008345080011588362,-0.009207505062259747,-0.0008624250506713838,-0.00016090556768890918,0.02738443295605248,-0.035033422666809116,-0.00764898971075663,-0.0012207937779963604,0.025548226420512934,-0.003434696527332554,0.022113529893180384,0.0035922257941839206,0.02774073373606919,-0.013276192581361038,0.01446454115470815,0.0023714321590372323,0.03005566794053631,-0.01645355188717613,0.01360211605336018,0.0022105265795035107,0.010504287165536872,-0.009105272146924106,0.0013990150186127658,0.00020205609104311905,0.0,-0.07965668445128715,-0.07965668445128715,-0.013026090689969806,8.5544848116115e-06,-0.015662842701844044,-0.01565428821703243,-0.0025521576736199764,0.06312149072512124,-0.10254976906847124,-0.03942827834334999,-0.006478236257054155
VFB_L08_W25,0.8,north_accel,north,49.832,50.832,125,0.0156404401281583,0.024499555570369064,0.03480166235200869,nan,0.1002820619549883,0.15405451055056896,0.1708827415231429,nan,0.052013395774283634,0.08511874321870208,0.08565743150568544,nan,0.07358430010450054,0.15020832456962283,0.1622505372614953,nan,1.8500465690501038,2.85875355850257,13.56130425560845,0.0817264555356089,0.1742379716979709,0.19322604518364658,nan,2.234845884722032,3.6214266352067668,16.3661135931292,0.017993199864965045,0.026602048129618677,0.02672867254788285,nan,0.12140658363661021,0.20000000186438746,0.20000001149890134,nan,0.04639855393890372,0.0800000022414768,0.08000000660088566,nan,0.41829109381638063,0.636275138994329,0.7096407195123211,nan,3.274019196337727,5.355623702324828,18.09438670190117,0.0014495989809716005,-9.929036078392337e-05,0.0013503086201876772,0.0014108806616191032,0.011974358227598757,-0.002379682508821119,0.009594675718777637,0.009903234611439984,0.0024007223590379054,-0.0018129662090286638,0.0005877561500092417,0.0006030326342734043,0.010624162803505961,-0.00044173090960247606,0.010182431893903485,0.010506267338874749,0.011841695407725719,-0.0003089549941196253,0.011532740413606093,0.011917147895226663,0.0024665610763950118,-4.540163211640834e-05,0.0024211594442786035,0.0024614313437778036,0.0,-0.02131152102173657,-0.02131152102173657,-0.021641895351465792,0.0,-0.007167651325929916,-0.007167651325929916,-0.007341109378263354,0.036376721309497914,-0.017393227361608286,0.018983493947889625,0.019200760140782223
VFB_L08_W25,0.8,north_cruise,north,50.832,55.016,516,0.0436860810274279,0.06428402082112797,0.07483264037393937,nan,0.08744601403904216,0.1465558029788367,0.15499577054468608,nan,0.044306026213283715,0.06838246190073996,0.0784918404881182,nan,0.06059830276910591,0.12706118325492743,0.15595795826916495,nan,0.2084288607504071,0.4130476326001468,1.6298215444336326,0.0702588605133499,0.15870965312357813,0.19128264831651623,nan,0.764313941355074,1.6392355294543608,5.358982588110173,0.04903093642018373,0.07402098122282974,0.07565329477049494,nan,0.08028145949691708,0.19931310284135845,0.20000001439796447,nan,0.018384881359497805,0.045698381546333676,0.08000000584726609,nan,0.1423191233006496,0.2938080487761613,0.3577047088683849,nan,1.2350312839121569,1.8738210083671505,12.633423623238627,0.00484578183889969,-0.00903832374624196,-0.00419254190734227,-0.0010341137250638314,0.006088719691062553,-0.025948731180080356,-0.019860011489017806,-0.004725353522323791,0.01736412853207729,-0.0003113378426169219,0.017052790689460372,0.004102974700976817,0.00740728757769645,-0.01021450768279465,-0.0028072201050981984,-0.0006223786650610611,0.007546722231387256,-0.014546484192796886,-0.006999761961409631,-0.0016564923815950746,0.005722778405282946,-0.008269835955507003,-0.002547057550224059,-0.0006472315203873857,0.0,-0.04126771090957658,-0.04126771090957658,-0.010024931261191588,3.2217506086450247e-06,-0.0023327126225485524,-0.0023294908719399075,-0.0005749149239776205,0.006045072807770309,-0.057318820638451076,-0.05127374783068077,-0.012416438354525182
VFB_L08_W25,0.8,north_decel,north,55.016,56.016,123,0.01933479208358298,0.03387418048853137,0.04273864766144488,nan,0.12624959870583408,0.18406608741063119,0.1999311372558257,nan,0.06382356816556667,0.10203941083096002,0.10335401113788115,nan,0.0952252274507204,0.1369936170073069,0.14294893768681693,nan,1.4999697337139597,3.0605877038192872,5.869305026054019,0.09891207769645366,0.158744316781186,0.15983320825745792,nan,1.2770940611634194,3.027220537203913,5.069873313738584,0.031632980508414,0.051869759252100696,0.05272090025187266,nan,0.10739302814479301,0.17766419090371396,0.18270564621079438,nan,0.04966965544767104,0.08000000037730255,0.08000000453360775,nan,0.4552029567519453,0.6857937935694868,0.7409268930817461,nan,2.6978673250671545,6.70340977362836,8.933514883341008,0.001972451116671424,-6.989095523386232e-05,0.001902560161437561,0.001908836447795678,0.008954588592052436,-0.006705008977907637,0.0022495796141447986,0.0021820145822887315,0.005768287729995781,-0.0013103924756869682,0.0044578952543088135,0.004459446457764077,0.0093274290479603,-0.002619953988963912,0.00670747505899639,0.006641461176343917,0.010208147916677244,-0.0015981127002596199,0.008610035216417622,0.008550297621888041,0.0022506566453084744,-0.0007900345593006929,0.0014606220860077816,0.0014721782119552264,0.0,-0.01673014132126261,-0.01673014132126261,-0.01675517604858547,5.332734202966476e-06,-0.005967371203936625,-0.005962038469733659,-0.005959362048103012,0.020450651165063227,-0.027837721068411883,-0.007387069903348657,-0.007629376683775405
VFB_L08_W25,0.8,east_move,east,61.252,67.412,731,0.04958064599961783,0.08294701085635992,0.10397328449349785,0.0,0.15479660809645168,0.24203546443825125,0.24721019760741358,0.0,0.11215836725055077,0.19001510015256823,0.20986328481401637,0.0,0.07250233037385673,0.11862506628792353,0.1339234694700669,0.0,1.0406196744620126,1.599497903260425,7.094109703248714,0.07670776168527933,0.13801878284987712,0.16370189205355326,0.0,1.302175083056444,1.9476662792458945,8.0477535882939,0.0413378551566446,0.0764806008713611,0.07913353885473419,0.0,0.09479122282906763,0.19999999518323203,0.20000001287822375,0.0,0.030713577800075782,0.07999999714536052,0.08000000609851879,0.0,0.2840987469301884,0.6831047832433332,0.800000065618276,0.0,2.110198531437369,4.7816528099030675,15.70508047408061,0.01178763223976371,-0.012290060673324704,-0.0005024284335609945,-0.0001535472811626524,0.02351011925032786,-0.03833024417197874,-0.014820124921650886,-0.0023528311010264096,0.035665785675032556,-0.01251816679331566,0.0231476188817169,0.0037556109305425705,0.02304743146914545,-0.014719937521775072,0.008327493947370375,0.0014027798122786858,0.02605706810993786,-0.018232002662814897,0.007825065447122954,0.0012492325278995978,0.012632040033159691,-0.008841392393864214,0.0037906476392954767,0.0005798207454153745,0.0,-0.0813801500963246,-0.0813801500963246,-0.013489066645754921,0.0,-0.01548883978174498,-0.01548883978174498,-0.0025025502006065423,0.06500914273263403,-0.10931645602035492,-0.0443073132877209,-0.007545030249398399
VFB_L08_W25,0.8,east_accel,east,61.252,62.252,110,0.0219492507793846,0.03687414349272113,0.04220351091514305,nan,0.07125578645200373,0.11596395404804165,0.13389382082804893,nan,0.05187527341004377,0.09763724600649548,0.10060885054706438,nan,0.0578213758831353,0.10516007413611675,0.1160188923851449,nan,1.8171095714955268,4.677351693574761,6.895485294701962,0.07483679094889327,0.14250484964221583,0.15538081525743247,nan,2.1427556095146625,5.728890001293497,8.0477535882939,0.030457733643313924,0.041008326071909504,0.041093418748858884,nan,0.12850155640048835,0.20000000199154705,0.20000001287822375,nan,0.050423407304579504,0.0800000018186062,0.08000000609851879,nan,0.46221591885044017,0.7455640211720291,0.7956660581301244,nan,2.9530986448695438,5.57340869496659,14.210076671533658,0.0023751844508455777,-0.0006054548131896765,0.0017697296376559017,0.0020942656113587337,0.006146533469844029,-0.003966443551646066,0.002180089918197964,0.0029317923040997067,0.0030742840249731694,-0.0014739454021910233,0.001600338622782146,0.0014433232687059154,0.005713795501520393,-0.001933367191464625,0.0037804283100557673,0.004375115269001319,0.007635393908145339,-0.0020852360186690714,0.005550157889476268,0.006469380828358143,0.004096117043576664,-0.0006893849978223426,0.0034067320457543205,0.003920549052219774,0.0,-0.021886445487907615,-0.021886445487907615,-0.024144399279082955,0.0,-0.006874231165740624,-0.006874231165740624,-0.007738159505904398,0.03731129222875457,-0.026820734135340786,0.010490558093413786,0.015275811998237094
VFB_L08_W25,0.8,east_cruise,east,62.252,66.412,502,0.056295713736111364,0.08483063595643872,0.10397328449349785,nan,0.18073179383954788,0.24483888698375822,0.24721019760741358,nan,0.12939353274110985,0.19608975332580625,0.20986328481401637,nan,0.07933324636632123,0.12508591485239032,0.1339234694700669,nan,0.22830785128180678,0.44825640622992563,0.943042520276013,0.07897257651089021,0.13954356496056222,0.16370189205355326,nan,0.9503914324618321,1.6655260009429989,5.8333196169050785,0.04548729786679288,0.07747965525237287,0.07913353885473419,nan,0.07905811514138787,0.19517905756858303,0.20000001261844988,nan,0.019475039029781725,0.055306245904441984,0.08000000342285642,nan,0.14049916456270325,0.2858232582957605,0.3125591362204401,nan,1.3515338598834439,2.275333687618162,10.596371891926095,0.0058541623503005815,-0.010130264231569595,-0.004276101881269013,-0.001088335538922032,0.014544052029668802,-0.03104334057363299,-0.01649928854396419,-0.003995459805428689,0.02577369543421079,-0.009453543314457413,0.016320152119753375,0.003996765998106936,0.011850279994570861,-0.012029416194985952,-0.00017913620041508978,1.3062431950614217e-06,0.010875170287457806,-0.015330408437759645,-0.004455238150301841,-0.0010870293071169421,0.0051334134290045635,-0.007030752513906916,-0.0018973390849023526,-0.0004871842904822007,0.0,-0.03885598676466905,-0.03885598676466905,-0.009645715165687258,0.0,-0.0024706392990374365,-0.0024706392990374365,-0.000604367367179612,0.004284518891051112,-0.050970540042977595,-0.046686021151926486,-0.011562901580398594
VFB_L08_W25,0.8,east_decel,east,66.412,67.412,119,0.03586119485007209,0.04656103908818312,0.04854272632305061,nan,0.06862291338806528,0.15539134286894885,0.16080519935087592,nan,0.06448051307458588,0.09522168055027957,0.1102055378386478,nan,0.051476679756115216,0.07147213520403836,0.076818184510417,nan,1.848903972315037,5.525601417793404,7.094109703248714,0.06825531388232559,0.11467694515685907,0.11536462515316274,nan,1.5538050560115049,4.452680865584139,6.602448930987407,0.030183854441220043,0.03649515934303078,0.036716139243273244,nan,0.11647213197852525,0.20000000092725825,0.20000001003217563,nan,0.042947634250501285,0.07999999968204455,0.08000000509359005,nan,0.4637286303593583,0.7544105392585241,0.800000065618276,nan,3.414730923866268,7.226736684559955,15.70508047408061,0.0035234921008104746,-0.0015543416285654335,0.0019691504722450415,0.0017120349643655495,0.002720240511400297,-0.0032907702644005476,-0.0005705297530002508,-0.0003083686216476573,0.006797903804000271,-0.001583394756249594,0.0052145090477506775,0.004875710080834339,0.005391346041251415,-0.0007473667648736895,0.004643979276377726,0.004567341421022297,0.0074248886534952095,-0.0008117588433087473,0.006613129810186462,0.006279376461747188,0.0033643076425678466,-0.0011212548821349553,0.0022430527604328913,0.0019928998569456163,0.0,-0.02055521391836469,-0.02055521391836469,-0.01985272927876234,0.0,-0.006066653233952881,-0.006066653233952881,-0.005670371703107004,0.023237092026393,-0.03152518184203655,-0.008288089815643543,-0.011690586880304334
VFB_L08_W25,0.8,south_move,south,72.724,78.824,753,0.03161278629343435,0.05435796005452435,0.06714529401412071,0.0,0.10234791352416667,0.16621791945531567,0.22304391594786102,0.0,0.06191128968969376,0.1164572853613258,0.14340111884462803,0.0,0.0659486942684298,0.14535629039348671,0.16241130887635621,0.0,1.0183630150211944,1.5341048273616644,9.95725384070071,0.07273132587719426,0.16389409489933807,0.1896824979368793,0.0,1.2783931943353137,1.8095239113916406,14.948193839620945,0.04369482235881476,0.06875614647022732,0.07330888605377615,0.0,0.08751919712047937,0.19161131958576316,0.20000001276303442,0.0,0.02832704664462835,0.07999999887548936,0.08000000808504971,0.0,0.2590767717601304,0.5809228746102802,0.6712309958464803,0.0,2.1292136135445694,3.16757322914904,15.673828803397234,0.0068102521815927505,-0.008205916494955057,-0.0013956643133623066,-0.00020380713961972775,0.029587631310380155,-0.03274907503410356,-0.003161443723723412,-0.0007483399542010754,0.023516142610191318,-0.005818860393825123,0.017697282216366194,0.0029566727436561332,0.026648377402118326,-0.012112538845503862,0.014535838556614467,0.0022083328434393677,0.028259202756231727,-0.015119028757951968,0.01314017399827976,0.002004525664940553,0.010389176434013724,-0.009567408171986473,0.0008217682620272496,0.00015794395021058308,0.0,-0.07153000757701569,-0.07153000757701569,-0.011463282474889517,5.458832136355962e-06,-0.013891121849766916,-0.01388566301763056,-0.002152320071912629,0.051114967122497815,-0.09521962211763446,-0.04410465499513664,-0.007540161475085772
VFB_L08_W25,0.8,south_accel,south,72.724,73.724,121,0.012526237004891232,0.022805966459541277,0.029881739665000743,nan,0.10248094663664016,0.15225649269163324,0.1708891411316089,nan,0.05790825616165775,0.09464394168891321,0.09685979316013324,nan,0.07609666765810984,0.13589192312634735,0.14506101533693622,nan,1.8060472991573169,2.773140684312421,9.95725384070071,0.08334352203310137,0.15392706646189352,0.17312465751553321,nan,2.378077468798595,3.0410799721691677,14.948193839620945,0.018120626529389984,0.032271248366809946,0.03439104980138264,nan,0.11355724271851629,0.19999999858062284,0.20000000622691802,nan,0.04771611404193837,0.08000000251361153,0.08000000808504971,nan,0.4109067374637799,0.6367465875514158,0.6574288921984155,nan,3.7685192943608135,8.636987109002341,15.673828803397234,0.0010054143043999437,-0.00019190909003372105,0.0008135052143662225,0.0008666529944800331,0.010597726332955124,-0.0019820116863848267,0.008615714646570297,0.008915797944061245,0.0028620591525687087,-0.002642431410655243,0.00021962774191346628,0.00022425557018165314,0.009067902294395098,-0.00023255973440246177,0.008835342559992635,0.00914005377949966,0.009888020441212696,-0.0002391727906651687,0.009648847650547528,0.010006706663697823,0.0018399379236798139,-4.88465174805689e-05,0.0017910914061992447,0.0018230185171385844,0.0,-0.018684872083380363,-0.018684872083380363,-0.018689424042387437,0.0,-0.006732730018906237,-0.006732730018906237,-0.006778928198205107,0.028599966126028217,-0.01856350024975857,0.010036465876269645,0.010209417810532733
VFB_L08_W25,0.8,south_cruise,south,73.724,77.824,511,0.034769202973796896,0.05661772743144915,0.06714529401412071,nan,0.0866767515811992,0.14711902240042984,0.15946623078980704,nan,0.05186334725724332,0.08216993010262157,0.08641658922380484,nan,0.0566029719508554,0.13404881682338876,0.14953491633990923,nan,0.1829211225677841,0.40458607006795644,1.061332482613964,0.06699519623290097,0.16157136033264863,0.1896824979368793,nan,0.7518110734144163,1.6829397719606558,4.752604198624398,0.04510804387138986,0.06197337602676341,0.06870895336659227,nan,0.07253029502016045,0.18297499129274225,0.20000001276303442,nan,0.01555279424419257,0.0,0.08000000776396152,nan,0.13583466926274335,0.32623783438760307,0.3682485084806291,nan,0.9167100352272453,1.8087846049311522,4.789427155319964,0.0037665539553127653,-0.007388457871298657,-0.0036219039159858914,-0.0008634003308811334,0.004746270265706734,-0.02379011810277883,-0.019043847837072095,-0.004564475769286663,0.014453435234863735,-0.0006247426544214281,0.013828692580442307,0.0033585487471426948,0.005587118469105953,-0.010802273962326591,-0.005215155493220637,-0.0012059270616769943,0.005849455510131564,-0.014686514900284178,-0.008837059390152613,-0.002069327389102137,0.004942363234373727,-0.0076965887408150715,-0.002754225506441346,-0.0006681657848195475,0.0,-0.033532125246967776,-0.033532125246967776,-0.008162918969583394,5.458832136355962e-06,-0.0012431545847794317,-0.001237695752643076,-0.000329956751081677,0.004816912921109338,-0.05024582914966596,-0.045428916228556625,-0.010935459052524478
VFB_L08_W25,0.8,south_decel,south,77.824,78.824,122,0.030946194023235684,0.05190271617162376,0.05884031262377793,nan,0.15101686914333728,0.20142552614703338,0.22304391594786102,nan,0.09525206261264112,0.14191373629420748,0.14340111884462803,nan,0.08770667482208272,0.1621711991553428,0.16241130887635621,nan,1.7325369452471935,5.130963686544974,6.439741199516197,0.08348807407583644,0.16836462514846923,0.17205335980858766,nan,1.4451534900770866,4.629164459515666,5.463094469376971,0.05453947629593376,0.07317323292612547,0.07330888605377615,nan,0.11161036711676982,0.18305089480009407,0.18872699166531492,nan,0.0410039805416038,0.08000000200761911,0.08000000428532418,nan,0.41186891483440363,0.623942675121606,0.6712309958464803,nan,3.207640179454985,8.937042312909764,12.572260754910397,0.0020174054902599636,-0.0006255495336226791,0.0013918559566372846,0.001482104573995934,0.01395286117098304,-0.00697694524493991,0.006975915926043131,0.005679073573193192,0.006193060380930518,-0.0025516863287484517,0.003641374052182066,0.003948066394066879,0.01169499526268934,-0.0010777051487748076,0.010617290113914532,0.009627140188647482,0.01220248699105303,-0.00019334106700262183,0.012009145924050408,0.011109244618056123,0.0035427328317891695,-0.0018219729136908335,0.001720759918098336,0.0019299824829222864,0.0,-0.01900120158231583,-0.01900120158231583,-0.018038455377507968,0.0,-0.005730362502858051,-0.005730362502858051,-0.005179006576759466,0.017276939283451028,-0.026410292718209924,-0.009133353434758898,-0.010914668074826028
VFB_L08_W25,0.8,west_move,west,84.044,90.284,762,0.024367137285637906,0.04349675623886252,0.055877803434430766,0.0,0.08924735126387252,0.14619515519359838,0.18823741823185466,0.0,0.05822519853407086,0.10378023020155479,0.11234330855486473,0.0,0.06330681835902216,0.1321395598687285,0.1591086722715676,0.0,1.0305445300883935,1.500230521232353,8.100896085487017,0.07476411637264704,0.16517236558658327,0.1842233395676798,0.0,1.3359735232019738,3.263379867174118,7.171665877410652,0.027769762825742263,0.0474381306982054,0.05005577385980277,0.0,0.08657462983135678,0.18338944132122265,0.20000001597512138,0.0,0.03345630024830936,0.07999999878349436,0.08000000536732269,0.0,0.27250083540045805,0.6285535304055682,0.765179776960939,0.0,2.1442800932478097,4.41253742887489,15.829068377212915,0.007160312048421451,-0.005795387716718764,0.001364924331702687,0.0002115566941061029,0.022679413933643165,-0.03003151641141092,-0.007352102477767752,-0.0011867674698430783,0.026433863458067225,-0.0045702181901906905,0.02186364526787653,0.003582502367744454,0.026105303289761548,-0.011593759861345513,0.014511543428416034,0.0023957349885868075,0.02957687692424394,-0.01370040892360707,0.01587646800063687,0.0026072917248693844,0.008164099937176168,-0.004584325826825086,0.0035797741103510824,0.0005637678868772027,0.0,-0.06906372817829295,-0.06906372817829295,-0.011241271435302567,5.14384655980429e-06,-0.01614692049225568,-0.016141776645695875,-0.0026278858302554,0.0582374807794707,-0.09455478575899752,-0.03631730497952683,-0.005896691038076636
VFB_L08_W25,0.8,west_accel,west,84.044,85.044,123,0.011954833825320867,0.01844821644587177,0.02501955621900534,nan,0.10309617414467434,0.16559514098510864,0.18823741823185466,nan,0.0735953783650618,0.10269951504550795,0.10410386442689615,nan,0.0579422987745707,0.1000360476738814,0.11031562201234006,nan,1.7487159558942817,4.7900089880716505,6.090302770182788,0.0616224498619541,0.11844335926517635,0.13510093388195313,nan,2.0294639123422504,5.146790865924731,6.734724437857328,0.014171131726683446,0.021966343861968853,0.02206296034319023,nan,0.09951222784143615,0.188303137286667,0.19137698897385458,nan,0.04448848004735856,0.08000000061501682,0.08000000254907318,nan,0.43092095815475967,0.6533577317572316,0.6898275316779019,nan,3.2756488307310274,7.965721069987526,15.829068377212915,0.0007693033115356022,-0.0002923362953370105,0.0004769670161985917,0.0005064432447309117,0.0075355225608218345,-0.00175560273579324,0.005779919825028595,0.005900947428194851,0.002895195858640358,-0.0027196093477250636,0.0001755865109152944,0.00023360292142592142,0.006033894185966303,-7.838797572185705e-05,0.005955506210244446,0.006134550189372243,0.006541290070283073,-0.0001088167184498198,0.006432473351833253,0.0066409935687120674,0.0014398066959042852,-0.00011635649673917171,0.0013234501991651133,0.0013574751457570795,0.0,-0.014260444133993603,-0.014260444133993603,-0.014519397136447095,0.0,-0.005356035967823143,-0.005356035967823143,-0.005456156403534266,0.020763682641140056,-0.01626325810083657,0.0045004245403034845,0.004303160856853367
VFB_L08_W25,0.8,west_cruise,west,85.044,89.284,516,0.02591896403056885,0.043799219412638285,0.055877803434430766,nan,0.08400230220898858,0.14502738800289464,0.14780013052196592,nan,0.05434567184529398,0.10628873377487992,0.11234330855486473,nan,0.049623575470680324,0.09227870071357898,0.11256529240845835,nan,0.21193956181763243,0.4174258040112651,1.6166848755126106,0.06105543433857868,0.11621256295092308,0.1495079329039569,nan,1.0324867459138405,1.7099697905398707,5.589145564837493,0.03137145038311393,0.04857134994593041,0.05005577385980277,nan,0.0707136473670842,0.1755301905453428,0.20000001597512138,nan,0.022557514317025996,0.07811012792164701,0.08000000536732269,nan,0.11585969645624136,0.25614262804587695,0.3126426663448748,nan,1.5478825154474958,2.8676983254799495,11.380726537929771,0.0030413822140253617,-0.0054250714889989985,-0.0023836892749736368,-0.000584489997088431,0.0063770417271168936,-0.021924621758818836,-0.015547580031701945,-0.0037238896902596933,0.015932411107456565,-0.0014068301128172703,0.014525580994639298,0.0035055046195666788,0.007453299112836247,-0.008475297525066712,-0.001021998412230466,-0.00021838493388318868,0.008169783362694945,-0.011575471072712357,-0.003405687710017412,-0.0008028749370179528,0.0035715542186790152,-0.00442924125140962,-0.0008576870327306049,-0.00022464639646774555,0.0,-0.03266096407085751,-0.03266096407085751,-0.007834179388277945,5.14384655980429e-06,-0.003620939095504606,-0.003615795248944801,-0.0008768297536102351,0.003698299058488591,-0.04338343836899731,-0.03968513931050872,-0.009504912258633922
VFB_L08_W25,0.8,west_decel,west,89.284,90.284,124,0.0266768488975074,0.04463348297071537,0.046429843840012815,nan,0.09551858824765662,0.14230910189339152,0.1573460283512578,nan,0.056335090713244274,0.07729051529056732,0.07977547227694894,nan,0.1054377713935595,0.1510323422652425,0.1591086722715676,nan,1.8169104874685722,4.833604351776156,8.100896085487017,0.1230613448794096,0.18111590492120397,0.1842233395676798,nan,1.5621572084585076,4.089815497538987,7.171665877410652,0.021170331857706358,0.03550353078055305,0.037810928347258126,nan,0.12495801489629092,0.18093029104209696,0.18839177931811593,nan,0.05337920196717484,0.080000002379241,0.0800000053149086,nan,0.4652032982167126,0.6970379775561916,0.765179776960939,nan,2.672528410426139,5.635962370168589,10.011591402417762,0.003302536119124834,-7.797993238275535e-05,0.0032245561867420788,0.0032388170542903497,0.008766849645704435,-0.006223731349688018,0.002543118296016417,0.0025183630564096083,0.007587645503692349,-0.00044377872964835636,0.0071438667740439925,0.007184056016417491,0.012618109990958998,-0.0029311247831210556,0.009686985207837942,0.009702419256368998,0.014865803491265922,-0.0019542619531567234,0.012911541538109198,0.01294123645772244,0.003099256843994207,-3.872807867629338e-05,0.003060528765317913,0.003091211641307631,0.0,-0.022091546479496224,-0.022091546479496224,-0.022343193399724588,0.0,-0.007169945428927931,-0.007169945428927931,-0.0072280029524922984,0.03377549907984205,-0.03437259473810089,-0.0005970956582588434,-0.0007269758794982115
VFB_L08_W25,0.8,movement,all,49.832,90.284,3009,0.03674136084826784,0.0676676686068884,0.10397328449349785,0.0,0.11329948445156995,0.2280309887280592,0.24721019760741358,0.0,0.07408762536722462,0.14859993221025988,0.20986328481401637,0.0,0.06785212814253662,0.1338420794599092,0.16241130887635621,0.0,1.0165326164681838,1.588130988495999,13.56130425560845,0.07544667674428499,0.15700772979520172,0.19322604518364658,0.0,1.28351089369776,1.8788395745894606,16.3661135931292,0.03941949949919613,0.07012213001302801,0.07913353885473419,0.0,0.0904807979721567,0.19650706336100554,0.20000001597512138,0.0,0.031010892809639614,0.07999999870125882,0.08000000808504971,0.0,0.2727720637615118,0.6253297026773593,0.800000065618276,0.0,2.094138926051928,4.00274803674686,18.09438670190117,0.034103276481366275,-0.035498869947258274,-0.0013955934658919978,-7.553160049895021e-05,0.10316159745040365,-0.13614425828430235,-0.03298266083389868,-0.0013689604469908155,0.11116401816380403,-0.02634194190466403,0.08482207625914001,0.003470409189559087,0.1035418458970945,-0.05170242880998548,0.05183941708710903,0.0021014488110781384,0.11394881573094984,-0.06350499223155007,0.05044382349939976,0.002025917207745594,0.04168960356988645,-0.03209839853959988,0.009591205030286574,0.00037439039105135796,0.0,-0.3016305703029204,-0.3016305703029204,-0.012295485361178521,1.915716350777175e-05,-0.06118972482561162,-0.061170567662103846,-0.0024592244993088233,0.23748308135972376,-0.4016406329654581,-0.16415755160573436,-0.006855876217413271
VFB_L08_W25,0.8,movement_accel,all,49.832,90.284,479,0.015836929873495754,0.02845273526020255,0.04220351091514305,nan,0.09577398965758413,0.1532837711897386,0.18823741823185466,nan,0.05968163122526437,0.0985142898338834,0.10410386442689615,nan,0.0671243446130329,0.13011664357467037,0.1622505372614953,nan,1.8056813471378257,3.916824639413985,13.56130425560845,0.07588745750873697,0.1488175212113531,0.19322604518364658,nan,2.20114176544174,4.897613954585865,16.3661135931292,0.020785497799141052,0.03967180353354971,0.041093418748858884,nan,0.1159258934691102,0.20000000018737246,0.20000001287822375,nan,0.04721295459469503,0.08000000191840209,0.08000000808504971,nan,0.43018205173678153,0.6712328554238584,0.7956660581301244,nan,3.339594943144455,6.485187322959052,18.09438670190117,0.0055995010477527234,-0.0011889905593443313,0.004410510488408393,0.0011980935937073794,0.036254140591219744,-0.010083740482645251,0.026170400108574493,0.007025113913946437,0.011232261395220142,-0.008648952369599994,0.002583309025620149,0.0006054545347999888,0.031439754785387755,-0.0026860458111914198,0.02875370897419633,0.007630568429147669,0.035906399827366826,-0.0027421805219036855,0.03316421930546314,0.00882866199014979,0.009842422739555776,-0.0008999896441584914,0.008942433095397282,0.002351761998368038,0.0,-0.07614328272701815,-0.07614328272701815,-0.019641810013662258,0.0,-0.02613064847839992,-0.02613064847839992,-0.006806250036638697,0.12305166230542075,-0.07904071984754421,0.04401094245787654,0.01220263607071249
VFB_L08_W25,0.8,movement_cruise,all,49.832,90.284,2045,0.04160652904597321,0.07378431888232637,0.10397328449349785,nan,0.11664259423924717,0.23058879785720834,0.24721019760741358,nan,0.07760542610449697,0.15861827707727527,0.20986328481401637,nan,0.06239765928084213,0.11796878701332564,0.15595795826916495,nan,0.2084844171919293,0.41998838544595896,1.6298215444336326,0.0695603352213897,0.13977991526619296,0.19128264831651623,nan,0.882958357420138,1.664093746699101,5.8333196169050785,0.04325817614329342,0.07191111164015294,0.07913353885473419,nan,0.07574141099261016,0.1909041172148717,0.20000001597512138,nan,0.019163111430898782,0.05534721751060231,0.08000000776396152,nan,0.13399253758694762,0.28488640426878564,0.3682485084806291,nan,1.2840111386745303,2.027279654248345,12.633423623238627,0.017507880358538397,-0.03198211733810921,-0.01447423697957081,-0.0008913161517113381,0.03175608371355498,-0.102706811615311,-0.07095072790175604,-0.004253289700794017,0.07352367030860837,-0.011796453924313034,0.061727216384295354,0.003740132161486574,0.032297985154209514,-0.041521495365173904,-0.00922351021096439,-0.0005131574628304431,0.03244113139167157,-0.05613887860355307,-0.023697747211881497,-0.00140447361584754,0.019370109287340252,-0.027426418461638607,-0.008056309174298362,-0.0005065468141623967,0.0,-0.1463167869920709,-0.1463167869920709,-0.00891379056320704,1.3824429304805276e-05,-0.009667445601870026,-0.00965362117256522,-0.0005971151940157631,0.01884480367841935,-0.20191862820009193,-0.1830738245216726,-0.011102206887819167
VFB_L08_W25,0.8,movement_decel,all,49.832,90.284,488,0.028776239233895967,0.0459153630899564,0.05884031262377793,nan,0.11482854715037587,0.18224960064380116,0.22304391594786102,nan,0.07152090379005534,0.1313569934624537,0.14340111884462803,nan,0.08763374243726739,0.15020475981883336,0.16241130887635621,nan,1.7289553123067372,4.851054845644342,8.100896085487017,0.09587835656133552,0.1737085038794116,0.1842233395676798,nan,1.463355625811717,4.07838055968565,7.171665877410652,0.03649518456042902,0.07106442519142364,0.07330888605377615,nan,0.11531188771463942,0.18602293922021992,0.20000001003217563,nan,0.047073919120165106,0.08000000164653996,0.0800000053149086,nan,0.44951705352755794,0.7078813465908443,0.800000065618276,nan,3.011480051764472,7.199345289483841,15.70508047408061,0.010815884826866696,-0.0023277620498047304,0.008488122777061966,0.002092108845487451,0.03439453992014021,-0.023196455836936112,0.011198084083204095,0.0025344588577250076,0.02634689741861892,-0.0058892522903333695,0.020457645128285552,0.0051254271722053196,0.03903188034286005,-0.0073761506857334645,0.03165572965712659,0.007659886156960458,0.044701327052491406,-0.004557474563727713,0.04014385248876369,0.009751995021722488,0.012256953963659698,-0.0037719904338027748,0.008484963529856922,0.0021250022735362427,0.0,-0.07837810330143935,-0.07837810330143935,-0.019251247901169163,5.332734202966476e-06,-0.024934332369675488,-0.024928999635472522,-0.006016161748073983,0.09474018155474931,-0.12014579036675925,-0.02540560881200994,-0.0076871468955884105
VFB_L08_W25,0.8,normal_hover,all,44.56,83.992,2525,0.028313222482357358,0.05152667981182764,0.05526355825757968,0.0,0.07769863319641977,0.14380396480283847,0.2127817800055208,0.0,0.044767901745659255,0.0734481604388479,0.11751061408897118,0.0,0.047257782735275436,0.08390929549287919,0.1628108657768504,0.0,0.14465254650462617,0.2806318122669582,1.0637382766247667,0.05029661004837113,0.08674360242594337,0.17769275281417674,0.0,0.14802411212304797,0.2847174353896547,1.030654658717757,0.025633907348994827,0.04137290689103814,0.049516366444382405,0.0,0.04813386426265728,0.11523691495785805,0.20000001132953238,0.0,0.010049495113391874,0.0,0.08000000360606255,0.0,0.08877796596874113,0.17632373565437584,0.330948421729695,0.0,0.4039855328400647,0.8117078114586225,4.170474812641557,0.011602609430525676,-0.018622777598299254,-0.007020168167773578,-0.00030654543727881345,0.017235182219169802,-0.06484444629538665,-0.04760926407621684,-0.002274003827708632,0.03956236625253902,-0.00778622280129999,0.031776143451239025,0.0015359605693928157,0.017534368861151388,-0.03336748938960589,-0.01583312052845451,-0.0007380432495843292,0.016786769212664122,-0.03964005835281563,-0.022853289140151507,-0.0010445887070307993,0.011511265957167088,-0.01105914653682562,0.0004521194203414709,5.277888727395032e-05,0.0,-0.08005618131587221,-0.08005618131587221,-0.0036915996677627017,8.875610365067808e-06,-0.0029560964846186326,-0.002947220874253565,-0.00014605873550043735,0.010793659124899203,-0.11619823051505294,-0.10540457139015372,-0.004829468193198879
VFB_L08_W25,0.8,final_10s,all,90.544,100.544,1241,0.01936242180493222,0.033129096283959734,0.05008463806692298,2.558860409565354e-06,0.05918385597320421,0.13129703475262702,0.16935295527316568,0.000105210622293169,0.030737174030492094,0.05255225192687887,0.07079913109334772,6.990218884258504e-05,0.03609114064854149,0.0830063143238673,0.10467207099822645,1.657932121981155e-05,0.09322927686584655,0.19061639378230813,0.6638926139454628,0.034096893786661135,0.06362441888602144,0.0805691122141585,2.307464745792279e-05,0.09905576149820958,0.20170551791452657,0.6993201464142721,0.018348958653516167,0.03815624943860799,0.04210473484020795,7.614761602632285e-06,0.028519252030723106,0.0776806716992614,0.1797748179146064,2.6905914671568227e-05,0.0016259586677799319,0.0,0.029659190161721846,1.1605218002334111e-11,0.05946332304273009,0.1427989888374955,0.22728990365299753,8.220835822282687e-05,0.25897899870255786,0.49717547393162764,3.2421704330378702,0.00250924064023354,-0.003976427368801058,-0.0014671867285675178,-0.00014663720699002711,0.005067117258819962,-0.01584216780273617,-0.010775050543916209,-0.0010779215282708536,0.009005817906519942,-0.0013151116017520513,0.007690706304767892,0.0007692147800980545,0.004799097702397372,-0.007883441912520986,-0.0030843442101236135,-0.00030870674366884,0.003316420988032175,-0.00786795187164533,-0.0045515308836131555,-0.0004553439471192993,0.0021153494934860635,-0.003290328370104129,-0.0011749788766180656,-0.00011298620858856288,0.0,-0.014263338731582543,-0.014263338731582543,-0.0014286285758948226,0.0,-6.744058307959136e-05,-6.744058307959136e-05,-6.336256935607152e-06,0.0019113957512970152,-0.02196868497572716,-0.020057289224430147,-0.0020032950020329172
VFB_L08_W05,0.8,route,all,41.156,97.376,7019,0.024708473980460603,0.0472138526675233,0.06244941763214907,6.246723853485388e-06,0.06645703885197249,0.1261847323211015,0.22745131993324202,0.00045699597865105784,0.028513735179214923,0.055772845835815564,0.09574564547608228,0.00019528890269881026,0.04886729857117155,0.10301370292879272,0.17107204792485659,0.00022586197939803918,0.714616652201877,0.9636227750351906,13.974654431911215,0.05154342850570677,0.1114576101295411,0.18958133095129956,0.00021784838874433423,0.8377970130982113,1.567330557320943,14.793844163097496,0.03003219294645091,0.054806109895057596,0.08414867081300326,3.542012590425246e-05,0.07030753322707256,0.1872129442574547,0.20000001282907345,0.0025558093076916743,0.019786718916570623,0.07440573631885497,0.0800000083261933,6.851427394800736e-05,0.1838110125827237,0.5008385631860655,0.8000000697665691,0.0035109738809718447,1.6122172916024007,2.123285162079702,41.66976984021021,0.03312952220824412,-0.044403747717940235,-0.011274225509696117,-0.0002003693076738303,0.0909870371021104,-0.2046615566841078,-0.1136745195819974,-0.002026308942722844,0.10631710117343113,-0.01739314904546889,0.08892395212796222,0.0015822629078908548,0.08543548885803348,-0.1101860557305796,-0.024750566872546134,-0.000444046023892263,0.08649072598552039,-0.12251551792348148,-0.03602479193796108,-0.0006444153234018202,0.055994295692116544,-0.047749455381233624,0.008244840310882916,0.00014681964585586222,0.0,-0.4244763242608623,-0.4244763242608623,-0.007546328917737416,2.7512752032632968e-05,-0.06122116192888638,-0.06119364917685375,-0.001086285554554377,0.21735593633466838,-0.5762151328503726,-0.3588591965157043,-0.00639116120503977
VFB_L08_W05,0.8,north_move,north,46.392,52.592,773,0.0302103805413716,0.050987176988122565,0.06244941763214907,0.0,0.08361129134335492,0.12971495535892297,0.15502526539653652,0.0,0.0360158041912515,0.06527877874028597,0.07186629820518559,0.0,0.06321298054776456,0.11393594430964027,0.11819238549425842,0.0,1.04829454329356,1.5617274717607101,6.387120079494252,0.06736120269878097,0.1219002411537119,0.1493554546084231,0.0,1.2400497249268443,1.8165452683763552,7.053803266984532,0.04105230865637381,0.06044911051548042,0.0633028669203699,0.0,0.08820591441806021,0.19219834219610785,0.2000000089233181,0.0,0.029162602147571593,0.07999999837826531,0.08000000649895349,0.0,0.26027156591709083,0.5991453533744259,0.7710507627317118,0.0,2.235922164093706,3.4553913654777144,15.579689601102272,0.005070642269306985,-0.006546868670944609,-0.0014762264016376235,-0.00023959115061316006,0.019839326453293317,-0.028133294482599054,-0.00829396802930574,-0.001341855825479183,0.01586192679614169,-0.0037040936164166906,0.012157833179725,0.001964730552172108,0.017586491334872306,-0.013722625467402421,0.003863865867469886,0.0006228748478079399,0.017458369115778572,-0.01507072986048751,0.0023876392552910583,0.00038328366379107196,0.009385248483762555,-0.00963160831164623,-0.00024635982788367506,-4.095401226138952e-05,0.0,-0.07223933317252614,-0.07223933317252614,-0.011678497738497775,9.16651263832945e-06,-0.013857943481198148,-0.01384877696855982,-0.0022389203847346523,0.049212809399750215,-0.09965227157212223,-0.05043946217237202,-0.008143332070712574
VFB_L08_W05,0.8,north_accel,north,46.392,47.392,125,0.01894020535072074,0.026277893468270024,0.02907054457252237,nan,0.0790025388418425,0.1283118558395128,0.15502526539653652,nan,0.04035774122001695,0.06737980257386988,0.06876152649601845,nan,0.0552658178338767,0.10281128987001718,0.11194313826958534,nan,1.8181780190054948,5.28790694357177,5.980296017682712,0.06434031986373326,0.12085059527524979,0.1310306808620963,nan,2.136600655339089,6.044447118942833,7.053803266984532,0.023069945926397106,0.029771707011658825,0.029875350659908966,nan,0.11670065516791744,0.19675927283314196,0.1999803723602713,nan,0.044136514110256826,0.08000000121782914,0.08000000303147382,nan,0.4453175385064338,0.7068782896698533,0.7710507627317118,nan,3.8284193518235714,9.92497248789435,15.579689601102272,0.0009098573450641983,-0.00011056350302533547,0.0007992938420388629,0.0008127539432493904,0.00804709383181757,-0.003429118044965448,0.004617975786852121,0.004701047070266213,0.00249679520865311,-0.0015974266199336865,0.0008993685887194235,0.0009008364485807761,0.006644733671482694,-0.0011273885278496958,0.0055173451436329995,0.005601884300156598,0.007312224714318211,-0.000995585812430366,0.006316638901887845,0.006414638157410082,0.0020136511094169603,-2.1111958899382567e-05,0.0019925391505175778,0.0020095093954523692,0.0,-0.019513231916783256,-0.019513231916783256,-0.019615172421676107,0.0,-0.00611336492002007,-0.00611336492002007,-0.006173998694866896,0.02952834080974573,-0.02519783703330907,0.004330503776436652,0.004397964546224102
VFB_L08_W05,0.8,north_cruise,north,47.392,51.592,524,0.034332045782288094,0.05313105096010559,0.06244941763214907,nan,0.08239143002163275,0.13404814982026905,0.151838363971879,nan,0.03262329266558786,0.05436504292478385,0.05628763890885181,nan,0.06250724532465551,0.11248875956331571,0.1176034104254056,nan,0.20770660588794584,0.37886275182163326,2.079127045645343,0.06758411086593684,0.1286525335640609,0.1493554546084231,nan,0.7857704023927059,1.6873069638499405,5.5792887458269265,0.04302328368444706,0.061978833891237185,0.0633028669203699,nan,0.0711034885071569,0.19807873116261407,0.2000000089233181,nan,0.015131902615994907,0.0,0.08000000518723903,nan,0.131682069596669,0.3047209393817753,0.3443589451996336,nan,1.2970337390286935,1.8852987966346377,13.151543083697899,0.003157774392733709,-0.005312105824044922,-0.0021543314313112127,-0.0005107177046531384,0.002515509414792174,-0.02122961081765243,-0.018714101402860256,-0.004445911831819714,0.010566639139309702,-0.00019263160009450113,0.010374007539215201,0.00247486466355006,0.003171104075361652,-0.011511198024614717,-0.008340093949253061,-0.00197104718350369,0.003016872302450779,-0.013511297882451782,-0.010494425580001004,-0.002481764935484182,0.004438539459624736,-0.006182743824669162,-0.0017442043650444244,-0.0004113930261672706,0.0,-0.03343359208516268,-0.03343359208516268,-0.007994626212291592,9.16651263832945e-06,-0.001308654527529133,-0.0012994880148908038,-0.0003235941459920225,0.001893472643311247,-0.048420718346809756,-0.0465272457034985,-0.011094020317069084
VFB_L08_W05,0.8,north_decel,north,51.592,52.592,125,0.01872619229955883,0.02888718046630273,0.03303335287136029,nan,0.09245011165170144,0.126730439896713,0.14370486989482137,nan,0.043966769028660105,0.07057771473925742,0.07186629820518559,nan,0.07270476529113891,0.11747351131834304,0.11819238549425842,nan,1.8192581013809541,5.149395775608463,6.387120079494252,0.06914632167017176,0.11849309913348288,0.11940407323515931,nan,1.5349105336365507,4.533615151783822,5.4940667880501115,0.04643125853937057,0.05965115508156448,0.059787737136726936,nan,0.11533789194915209,0.1833845310992636,0.18788493201626966,nan,0.04849057078049348,0.08000000066553657,0.08000000649895349,nan,0.3851833799602639,0.6185586138151857,0.6669668692471291,nan,3.03550308467363,7.711268845999249,11.484149805782893,0.0009793020063953081,-0.0011241993438743517,-0.00014489733747904347,-0.00014041072863619776,0.009126542114361652,-0.003474565619981177,0.005651976494380473,0.005623884461238049,0.0027973218268671184,-0.0019140353963885024,0.0008832864304786169,0.0008812253434371086,0.007619301867933228,-0.00108403891493801,0.006535262952995218,0.0065051098375988655,0.006954211856595047,-0.0005638461656053635,0.006390365690989683,0.006364699185854988,0.002900164094986393,-0.0034277525280776867,-0.0005275884330912942,-0.0005124088409356773,0.0,-0.01910301890443586,-0.01910301890443586,-0.019098624074784312,0.0,-0.006318271613694367,-0.006318271613694367,-0.006314978304333635,0.01766042093800285,-0.026033716192003405,-0.00837329525400056,-0.008353971449933965
VFB_L08_W05,0.8,east_move,east,57.884,64.08,774,0.024846018193312506,0.04559982241354198,0.05914282667187689,0.0,0.07541439518163878,0.1541151218006883,0.22147320113197175,0.0,0.0336104265512968,0.0641589972481267,0.09574564547608228,0.0,0.05655884116550709,0.14407395935762274,0.17107204792485659,0.0,1.1643104995019327,1.1679135899548194,13.974654431911215,0.060091744765567466,0.14234498086502084,0.18958133095129956,0.0,1.331536007614463,1.880074202041909,14.793844163097496,0.04051515739637457,0.0808821677216924,0.08414867081300326,0.0,0.09348632029020672,0.19999999277737315,0.2000000113490398,0.0,0.029433837104542865,0.07999999938810379,0.0800000083261933,0.0,0.2647897935022608,0.6674382413516028,0.788301028903398,0.0,2.9233526205012166,3.18167865706363,41.66976984021021,0.00684123088018896,-0.0071098914009599485,-0.00026866052077098785,-4.2476055587641747e-05,0.020115544046042513,-0.02994965522034907,-0.009834111174306558,-0.001641294511458444,0.01791394667380519,-0.002569563212271987,0.0153443834615332,0.002479172959054544,0.01983779394007254,-0.014327522383977316,0.005510271556095224,0.0008378783247215592,0.020087931431120556,-0.014846320349173806,0.00524161108194675,0.0007954022765787897,0.011775905291495296,-0.010200721682209398,0.0015751836092859016,0.00026238366737064305,0.0,-0.08165139749289664,-0.08165139749289664,-0.013110848121199128,2.5766099788595597e-06,-0.015619731434853741,-0.015617154824874881,-0.0024911966384435977,0.05261896916084231,-0.10733921314554759,-0.05472024398470529,-0.008931947639341709
VFB_L08_W05,0.8,east_accel,east,57.884,58.884,126,0.013938602811807485,0.022886347587475864,0.030026785388070854,nan,0.060028988272426725,0.10075755754595282,0.14472951088766478,nan,0.031158175076942383,0.05035185632247938,0.050918403357023946,nan,0.040503489596564385,0.07966699288943963,0.09515062388530426,nan,2.2953328336959955,4.83168060176791,13.974654431911215,0.05182848723647173,0.10063322301469084,0.11718110880118066,nan,2.5836011643506636,5.489974121036266,14.793844163097496,0.017136449063436317,0.023399228737244808,0.02345537446547158,nan,0.11618021633844389,0.20000000387615113,0.2000000113490398,nan,0.043378190185754215,0.08000000221198744,0.0800000083261933,nan,0.4553241333304205,0.7232424323540785,0.788301028903398,nan,6.0244239648116675,9.449789785477769,41.66976984021021,0.0012336284673420022,-0.0005268160250125216,0.0007068124423294801,0.0007175750763454268,0.003386569801019552,-0.0031090012983186048,0.00027756850270094734,0.00030786556661561396,0.0021437102634226926,-0.0007411770469916527,0.00140253321643104,0.0014029206190498949,0.003275361761217987,-0.0015952603093464753,0.0016801014518715118,0.001710785930689391,0.0043429922898504374,-0.001956078415620129,0.0023869138742303076,0.002428360983411415,0.0020616150736750705,-0.0005488251712522474,0.0015127899024228234,0.0015188911085773262,0.0,-0.020082326424075394,-0.020082326424075394,-0.020032638352916812,0.0,-0.006375293984077921,-0.006375293984077921,-0.0063837133745278515,0.024360766181722324,-0.026014023049734544,-0.0016532568680122167,-0.001635799518904634
VFB_L08_W05,0.8,east_cruise,east,58.884,63.08,525,0.025494013995530175,0.044104033720073446,0.055812891421498805,nan,0.054809414480291946,0.10428488267570149,0.10873052069328168,nan,0.02706164471832863,0.045732371175409285,0.05017472984927061,nan,0.036718054233824245,0.07627685331924815,0.085974876210511,nan,0.1393105370024492,0.3065684033312522,0.8112574554929024,0.04514737081051102,0.09735502869576657,0.12882626855028206,nan,0.7190711980931648,1.6863558495496913,2.3611842361052253,0.04118876466958326,0.07897863961680936,0.08412303582739682,nan,0.07173747949948032,0.18022084368330168,0.20000000819104222,nan,0.014367791942157272,0.0,0.0800000056896716,nan,0.11292536746617411,0.25597024803685564,0.31416208414550045,nan,0.9563869029165251,1.828533380201968,6.703469673520619,0.0028715038905374876,-0.005362720804940235,-0.002491216914402747,-0.0005922910193913551,0.0020695581743493253,-0.018064731470767596,-0.015995173296418266,-0.003795112756334198,0.010186450302346202,-0.000178926421146116,0.010007523881200086,0.0023848643557638147,0.002781971946684231,-0.00876962138191812,-0.005987649435233888,-0.0014102484043018021,0.002728850697054379,-0.011207716974469858,-0.008478866277415481,-0.0020025394083686044,0.005030208381042024,-0.006558764966859595,-0.001528556585817572,-0.00035901725514902083,0.0,-0.03336651266046093,-0.03336651266046093,-0.007965385914195352,8.605993207310311e-08,-0.001234159205458083,-0.0012340731455260099,-0.0003079910102314898,0.0025659224641394283,-0.04532848112250218,-0.042762558658362745,-0.010169616725398295
VFB_L08_W05,0.8,east_decel,east,63.08,64.08,125,0.030097512375929027,0.050880406899354864,0.05914282667187689,nan,0.1379064597255543,0.18926492417820767,0.22147320113197175,nan,0.05430392760140815,0.09522808009643409,0.09574564547608228,nan,0.11199764593961223,0.17055417981633686,0.17107204792485659,nan,1.7630846666937274,4.86760017182496,6.1986922496815176,0.10570538766491798,0.18773028829734179,0.18958133095129956,nan,1.4427958461911077,3.7382759912636976,5.667951090872823,0.0529463412728787,0.08397052176836714,0.08414867081300326,nan,0.13795933123013163,0.19999999425987133,0.2000000085023261,nan,0.05149662858295576,0.08000000171449997,0.08000000467128988,nan,0.414322121883422,0.6931644704612723,0.7798034149803719,nan,4.030970214834654,8.486678765836349,25.169767153968962,0.00273609852230947,-0.0012203545710071913,0.0015157439513022787,0.0015386426478980865,0.014659416070673637,-0.008775922451262873,0.005883493619410764,0.00556239349385578,0.005583786108036295,-0.001649459744134218,0.003934326363902076,0.003943865375593304,0.013780460232170319,-0.003962640692712721,0.0098178195394576,0.009506258392939344,0.013016088444215741,-0.0016825249590838175,0.011333563485131922,0.01104490104312572,0.004684081836778205,-0.003093131544097555,0.0015909502926806497,0.0016689967586717104,0.0,-0.028202558408360313,-0.028202558408360313,-0.02773360516001412,2.4905500467864567e-06,-0.008010278245317737,-0.00800778769527095,-0.007816122455638834,0.025692280514980553,-0.03599670897331088,-0.010304428458330335,-0.01082093469821848
VFB_L08_W05,0.8,south_move,south,69.388,75.596,776,0.025640666820743896,0.044258916535654814,0.0572015074404971,0.0,0.08670148590179234,0.1798937788178388,0.22745131993324202,0.0,0.036974884513443974,0.0753027823185739,0.08128769938573703,0.0,0.059801811367321545,0.13295471984265356,0.1490024655800562,0.0,1.0300338632437818,1.4813298780981554,5.913113049199042,0.06199143070285313,0.13504248923687112,0.17040012969583232,0.0,1.224015923366345,1.967587323252805,6.884769875485035,0.03764308529868599,0.058960282992928346,0.05963104068248999,0.0,0.0946793926285627,0.2000000002403559,0.20000001282907345,0.0,0.02906591325380857,0.07999999837103636,0.08000000663997194,0.0,0.26231008937521133,0.6229022916552007,0.8000000363193495,0.0,2.19211584144743,3.3718613817647505,14.930533723777529,0.005360709788359258,-0.007209531257678364,-0.0018488214693191053,-0.00030031009183946965,0.023354815450388557,-0.039325424743165846,-0.01597060929277729,-0.002572784841201548,0.020406238842324245,-0.005552552548138926,0.01485368629418532,0.002392422665151987,0.019491352835523945,-0.020608275015147257,-0.0011169221796233078,-0.00018036204608769645,0.018906503183672943,-0.021872246705594078,-0.002965743521921132,-0.0004806721148104457,0.008734471720563325,-0.009129936311444906,-0.0003954645908815832,-6.229785894574139e-05,0.0,-0.08559219125727408,-0.08559219125727408,-0.01378499598656711,9.669494931585612e-06,-0.016032712235464715,-0.01602304274053313,-0.002580776187501543,0.05444642092580717,-0.11555746330367428,-0.0611110423778671,-0.009836545087924389
VFB_L08_W05,0.8,south_accel,south,69.388,70.388,125,0.01687020744405489,0.024670364561914425,0.02686370738562677,nan,0.0856727513548253,0.14193322504889003,0.15729339887182164,nan,0.048815798580867535,0.07746488322886184,0.07842607512808679,nan,0.06085696480611128,0.11032959870581618,0.12668151646143164,nan,1.8145765709202821,5.512181410268104,5.913113049199042,0.06285987988816873,0.11082266601326346,0.12690496546706617,nan,2.131793388026933,6.1623917222914635,6.884769875485035,0.027353670397686426,0.031092720564603573,0.03115310195644337,nan,0.12476330569067177,0.2000000026510123,0.20000001097008327,nan,0.04528127169706408,0.08000000197670733,0.08000000663997194,nan,0.4051521297249686,0.6639532684108335,0.7578909773595626,nan,3.645798443337831,11.161530193566467,14.930533723777529,0.0004256430931491336,-0.0011836017810418588,-0.0007579586878927253,-0.00076222023020091,0.010833988879225346,-0.002922679069219134,0.007911309810006213,0.008027732504182495,0.002646939933765688,-0.0039017958943731836,-0.0012548559606074961,-0.001273195790592581,0.007453233600768882,-0.0007967793622228484,0.006656454238546033,0.006754537108150544,0.006798780933022735,-0.0009002853281562672,0.005898495604866469,0.005992316935735289,0.0008428640835045373,-0.0008629324458597675,-2.0068362355230167e-05,-1.7891178868012502e-05,0.0,-0.0227335761689755,-0.0227335761689755,-0.0228008514472167,0.0,-0.006914404502138399,-0.006914404502138399,-0.006966737961396575,0.02855804361810428,-0.023710473578423333,0.004847570039680945,0.004988341296557337
VFB_L08_W05,0.8,south_cruise,south,70.388,74.596,526,0.029049347560020183,0.04629279575315025,0.0572015074404971,nan,0.07884166405001129,0.1835651042871534,0.20371264964167052,nan,0.030600884753569205,0.06712012306328313,0.07645493539605422,nan,0.052451201518336515,0.13705801273347162,0.14588487368164,nan,0.20080545160274701,0.3841875173875371,2.0439029565408533,0.05770695589056259,0.14386269738967167,0.17040012969583232,nan,0.774104601751321,1.6769975230996466,4.915189552989085,0.04051521637856966,0.05926577393967706,0.05963104068248999,nan,0.0710421648059081,0.1997702172600526,0.20000001078826554,nan,0.014281700148080197,0.0,0.08000000340033327,nan,0.1238181989149359,0.31819237822581947,0.35370949377354344,nan,1.3100333133879756,1.8856644704313472,12.789475721628625,0.003455540267504724,-0.005626945311647412,-0.002171405044142688,-0.0005170926304898153,0.0028235789095128,-0.027991060602061097,-0.0251674816925483,-0.00596243404853872,0.012774427735630308,-0.0005146285538976214,0.012259799181732685,0.002910610477255993,0.002640601844671362,-0.015548283631716942,-0.012907681787045582,-0.0030518234028529614,0.0029056342978946393,-0.017984721082977558,-0.015079086785082914,-0.0035689160193170684,0.00485792012804453,-0.0061226931772180235,-0.0012647730491734928,-0.0002970348803729349,0.0,-0.03426158416108951,-0.03426158416108951,-0.008157525090068651,9.46110393851941e-06,-0.0010948708081850327,-0.0010854097042465134,-0.00027008430436169446,0.002122429033266506,-0.05375851186586091,-0.05163608283259441,-0.012271602192519318
VFB_L08_W05,0.8,south_decel,south,74.596,75.596,126,0.015917069674634795,0.03022356156187479,0.035049811607951877,nan,0.11453480477921825,0.1925373081656575,0.22745131993324202,nan,0.04640543127752437,0.08004803924205665,0.08128769938573703,nan,0.08299386350605227,0.11729064286715225,0.1490024655800562,nan,1.760638976988246,5.06534010091127,5.910985201207578,0.07647597663627825,0.11294693765700362,0.11480312404224909,nan,1.4889779050110765,4.270461504820852,5.127308265745512,0.03404584761500938,0.056926918748920446,0.05833932478558628,nan,0.13675059058226738,0.2000000064139511,0.20000001282907345,nan,0.04814002219005264,0.080000000857464,0.08000000445600605,nan,0.4443680267206919,0.7574224248570551,0.8000000363193495,nan,3.040515020688055,6.576272992896484,12.945429187007825,0.0014795264277054011,-0.00039336614432977293,0.0010861602833756282,0.001085306325674335,0.009504897177219385,-0.008411685071885616,0.001093212105333771,0.0010349067789132869,0.0049848711729282525,-0.0011011005362961477,0.0038837706366321037,0.003863461001610775,0.009240194461774072,-0.004263212021207464,0.004976982440566607,0.004898367482671765,0.009050383045338088,-0.002987240294460258,0.006063142750877829,0.0059836738366848006,0.0030336875090142567,-0.002141929119243287,0.0008917583897709697,0.0009076293762995018,0.0,-0.02844607403573177,-0.02844607403573177,-0.02823712038213079,2.0839099306620164e-07,-0.007918414248852071,-0.007918205857859005,-0.007855362954225191,0.023627964646818857,-0.03808847785939001,-0.014460513212571165,-0.014451739288506224
VFB_L08_W05,0.8,west_move,west,80.884,87.096,777,0.024374980337267402,0.04296555901093656,0.056142385677432155,0.0,0.07331158141082,0.126930938345136,0.1534482864799022,0.0,0.03172147236732654,0.05822685926691612,0.06356325496481476,0.0,0.05450314544588531,0.11361324814417108,0.12185324612739912,0.0,1.022513151318862,1.1700660977030966,7.459271219350936,0.060237853575012865,0.13077341674390175,0.16043896277451608,0.0,1.2185364747789125,2.0103664045746488,8.359383915751888,0.033752850027185595,0.05174321815320243,0.05289497680645716,0.0,0.09146107625591383,0.19999999501780255,0.2000000091786197,0.0,0.02958382200916762,0.07999999846779418,0.0800000056519586,0.0,0.2621796525101587,0.6431799579197661,0.8000000697665691,0.0,2.1865172468353964,3.542239315979292,15.464340583009744,0.005603824112558862,-0.006253552448062651,-0.0006497283355037897,-0.00010370639536817755,0.0182544705439067,-0.0307263654305496,-0.012471894886642909,-0.002011455866844631,0.01642980651918698,-0.002921817227497299,0.01350798929168968,0.0021716159390773567,0.01727700707369868,-0.01624091255705625,0.0010360945166424272,0.00016016009390822946,0.019101246759037755,-0.01871488059488163,0.000386366164156127,5.6453695846262775e-05,0.008197155798537994,-0.008271388126177037,-7.423232763904212e-05,-9.98369342330853e-06,0.0,-0.07871781344825102,-0.07871781344825102,-0.012662050445993242,6.100134483858346e-06,-0.015011845226981643,-0.015005745092497783,-0.0024140516558072422,0.05422098533444935,-0.10614596369657722,-0.051924978362127866,-0.008344068345744
VFB_L08_W05,0.8,west_accel,west,80.884,81.884,126,0.013140348478670318,0.025622431465041257,0.038080992833624844,nan,0.06751317743475789,0.11733990914651403,0.13136177466395538,nan,0.03236031511465454,0.05945613922994697,0.060953112328045955,nan,0.04863598539961649,0.1104857118288681,0.12049848154743678,nan,1.7811452325924975,4.465692280954823,7.459271219350936,0.058644040948740705,0.1359882873182878,0.158453795378459,nan,2.1033593693171615,5.467899177388642,8.359383915751888,0.011813626779772806,0.017542579457020712,0.017634952818425326,nan,0.11837309052033973,0.2000000012279095,0.2000000087693926,nan,0.043927442698124194,0.08000000128683982,0.0800000056519586,nan,0.43100698136085686,0.7115238986573775,0.8000000697665691,nan,3.7122203981071324,8.58662794442349,15.464340583009744,0.0012098041189456015,-0.00039614793651707836,0.0008136561824285232,0.0008222882364255687,0.006357291268592291,-0.002781717105157334,0.0035755741634349576,0.00361678444154215,0.0016924676299386254,-0.0017562736996915304,-6.380606975290544e-05,-7.223719772550144e-05,0.004987726106832315,-0.0014759580675344078,0.0035117680392979063,0.0035445471991323078,0.006087070088367928,-0.001761645930178799,0.004325424158189129,0.004366835362267762,0.0014622586488840315,-0.00017961419792845914,0.0012826444509555725,0.0012868303114489195,0.0,-0.020826217258487458,-0.020826217258487458,-0.02074059954618081,0.0,-0.006646005729213396,-0.006646005729213396,-0.0066518607560456505,0.03038461102916735,-0.024163938663161265,0.006220672366006085,0.0063192093150988395
VFB_L08_W05,0.8,west_cruise,west,81.884,86.096,527,0.028198929664715225,0.044961035995989045,0.056142385677432155,nan,0.06938897313760176,0.1304226456349384,0.14913602037898468,nan,0.030305361713735293,0.05642574897733823,0.05957611772425377,nan,0.04832045376726496,0.11195972343011157,0.1185752137854306,nan,0.20046201273204764,0.38450797925963803,1.9615773892465183,0.05357941713557833,0.13500870152520086,0.16043896277451608,nan,0.7761037234999838,1.7422412623352985,4.8348424888229635,0.03720487521762429,0.05234110865237317,0.05289497680645716,nan,0.07262617812640508,0.1992669121222757,0.20000000831701942,nan,0.015064609398576399,0.0,0.08000000312873651,nan,0.12192392551863844,0.3003720542295201,0.3550703485723768,nan,1.2666149414713077,1.9426372224201531,11.939349105036435,0.00320203114545618,-0.005743701273873707,-0.0025416701284175277,-0.0005956866126473178,0.0025290364305400777,-0.0232074338006277,-0.02067839737008762,-0.004886146005976609,0.011265765399908562,-0.00032109039151464476,0.010944675008393915,0.0025952262940001185,0.002896978850836546,-0.01263070095839495,-0.009733722107558405,-0.002290919647265463,0.00309198780611469,-0.015367380067087601,-0.012275392260972911,-0.00288660627062283,0.004286736013789739,-0.006016570205047168,-0.0017298341912574296,-0.00040372486330764537,0.0,-0.0352633620020259,-0.0352633620020259,-0.008384619301175596,4.4517574388007065e-06,-0.0012738300422205895,-0.0012693782847817887,-0.0003150968210774455,0.00230792523575646,-0.05236856043184505,-0.05006063519608858,-0.011865365212254902
VFB_L08_W05,0.8,west_decel,west,86.096,87.096,125,0.01303322020419316,0.022035596522411,0.02791924041326548,nan,0.09280053913328287,0.1311570909996968,0.1534482864799022,nan,0.036433168559927974,0.06224004239940897,0.06356325496481476,nan,0.07955330113354832,0.1150206342104997,0.12185324612739912,nan,1.7697268998736124,4.62823786027105,6.0308323049652985,0.0843488433729663,0.1281160292932839,0.12865861003173243,nan,1.4939930385274423,4.071261932082018,5.476400977197503,0.03328091455780328,0.050780369299272314,0.05188414808992624,nan,0.12557652578238823,0.19990700670243916,0.2000000091786197,nan,0.05088823343950534,0.08000000181277031,0.08000000468932278,nan,0.4212375501599239,0.6846905394357747,0.7246412732532614,nan,3.011022677426216,7.299980826157831,12.708706590457702,0.0011792920832595095,-0.00011370323767186601,0.0010655888455876434,0.0010675342615650153,0.00936814284477433,-0.004703483321238273,0.004664659523536056,0.00461233826460375,0.0034598815428034785,-0.0008444531362911231,0.0026154284065123554,0.0026257860078476368,0.00939230211602982,-0.002112214277862201,0.00728008783816762,0.007238124191047973,0.009922188864555136,-0.001576512107851122,0.008345676756704012,0.008305658525096078,0.0024162990399345025,-0.002075203723201409,0.00034109531673309307,0.000368292592043872,0.0,-0.022612945846412855,-0.022612945846412855,-0.022642109579537648,1.6483770450576391e-06,-0.007092009455547657,-0.007090361078502599,-0.0070903610785026105,0.02152844906952554,-0.029450914435321437,-0.007922465365795897,-0.008055936105965316
VFB_L08_W05,0.8,movement,all,46.392,87.096,3100,0.026366668989408516,0.046701822042206444,0.06244941763214907,0.0,0.07995014810378508,0.1478380812685913,0.22745131993324202,0.0,0.03464010887505773,0.06662326283811801,0.09574564547608228,0.0,0.058607751052960205,0.11625220599528592,0.17107204792485659,0.0,1.067769324811975,1.2237709606310712,13.974654431911215,0.062486077490390264,0.12927623198201957,0.18958133095129956,0.0,1.2543191917257634,1.8964861658311551,14.793844163097496,0.03834490841651736,0.05977421483301664,0.08414867081300326,0.0,0.09199332887124992,0.19999999340086105,0.20000001282907345,0.0,0.02931242933869304,0.07999999873563687,0.0800000083261933,0.0,0.2623931030091237,0.636503975955556,0.8000000697665691,0.0,2.4044842248466356,3.3955177828757663,41.66976984021021,0.022876407050414067,-0.027119843777645574,-0.0042434367272315065,-0.00017151642803784188,0.08156415649363108,-0.12813473987666357,-0.04657058338303249,-0.001892580242024169,0.0706119188314581,-0.014748026604324904,0.0558638922271332,0.0022520910193413886,0.07419264518416747,-0.06489933542358325,0.00929330976058423,0.00035951081480408586,0.07555405048960982,-0.07050417751013703,0.005049872979472803,0.00018799438540713617,0.03809278129435917,-0.03723365443147757,0.0008591268628816013,3.72022705596831e-05,0.0,-0.31820073537094784,-0.31820073537094784,-0.012809950090251527,2.7512752032632968e-05,-0.06052223237849825,-0.06049471962646561,-0.002431378101167308,0.21049918482084906,-0.4286949117179213,-0.21819572689707228,-0.008814394598833456
VFB_L08_W05,0.8,movement_accel,all,46.392,87.096,502,0.015883856281027328,0.02490888333386841,0.038080992833624844,nan,0.07369046333618476,0.12771186916389624,0.15729339887182164,nan,0.03880015553368109,0.06861832902929468,0.07842607512808679,nan,0.05184811672132309,0.10306428919963159,0.12668151646143164,nan,1.9395122789460977,5.468582442612598,13.974654431911215,0.05959975946159361,0.11563766558557508,0.158453795378459,nan,2.248146311855084,6.060653627228545,14.793844163097496,0.02067782599173158,0.030314310330655538,0.03115310195644337,nan,0.11904650741019931,0.1999999992674373,0.2000000113490398,nan,0.04418418122195691,0.08000000167041572,0.0800000083261933,nan,0.43464499279750696,0.7103424279237242,0.8000000697665691,nan,4.419022949382652,9.99202161599715,41.66976984021021,0.003778933024500936,-0.002217129245596794,0.001561803778904141,0.0003990826524705288,0.02862494378065476,-0.012242515517660521,0.01638242826299424,0.004154588342298739,0.008979913035780116,-0.007996673260990054,0.0009832397747900619,0.00024127727756055367,0.02236105514030188,-0.004995386266953427,0.01736566887334845,0.004395865837442085,0.02454106802555931,-0.005613595486385561,0.01892747253917375,0.004794948458563242,0.006380388915480599,-0.0016124837739398563,0.004767905141540743,0.001200145768917035,0.0,-0.0831553517683216,-0.0831553517683216,-0.020795679200991835,0.0,-0.026049069135449784,-0.026049069135449784,-0.006543972953157759,0.11283176163873969,-0.09908627232462822,0.013745489314111466,0.00351274475033496
VFB_L08_W05,0.8,movement_cruise,all,46.392,87.096,2102,0.029439633809787737,0.04837188405762354,0.06244941763214907,nan,0.07214686420397058,0.13776637739426356,0.20371264964167052,nan,0.03021265775878695,0.05492387832708227,0.07645493539605422,nan,0.050838501337117335,0.11234668855811712,0.14588487368164,nan,0.18912216137545873,0.3609849655879357,2.079127045645343,0.05657545713627314,0.1290003849339194,0.17040012969583232,nan,0.7642166786667187,1.6956442274817012,5.5792887458269265,0.04053337502954802,0.06015542067278535,0.08412303582739682,nan,0.0716310917479024,0.1960739652829721,0.20000001078826554,nan,0.014716565415173782,0.0,0.0800000056896716,nan,0.12276408862693315,0.2921723089815375,0.3550703485723768,nan,1.2163483404608493,1.8767487800702147,13.151543083697899,0.0126868496962321,-0.022045473214506277,-0.009358623518274177,-0.0005539897387828188,0.009937682929194377,-0.09049283669110883,-0.08055515376191444,-0.004773230852345396,0.04479328257719477,-0.0012072769666528834,0.04358600561054189,0.002591602396979519,0.011490656717553789,-0.04845980399664473,-0.03696914727909094,-0.002181628401724042,0.011743345103514487,-0.0580711160069868,-0.04632777090347231,-0.002735618147652825,0.01861340398250103,-0.02488077217379395,-0.006267368191292919,-0.0003677722905348138,0.0,-0.13632505090873903,-0.13632505090873903,-0.008125863134771172,2.316543394772267e-05,-0.004911514583392838,-0.004888349149445116,-0.000304176489854147,0.008889749376473641,-0.1998762717670179,-0.19098652239054423,-0.011351201544767745
VFB_L08_W05,0.8,movement_decel,all,46.392,87.096,501,0.020484252812388516,0.04125219726252313,0.05914282667187689,nan,0.11101995167803327,0.17185264701997469,0.22745131993324202,nan,0.045725633399510766,0.08128769938573703,0.09574564547608228,nan,0.08808971302551527,0.16588390549678875,0.17107204792485659,nan,1.7783032914048857,5.074461047304958,6.387120079494252,0.08501046924306971,0.17213344674476863,0.18958133095129956,nan,1.490523712905753,4.2854292167351815,5.667951090872823,0.04248749021970906,0.07794423469086953,0.08414867081300326,nan,0.12924952274966228,0.1999999966907142,0.20000001282907345,nan,0.04977206514507541,0.08000000152269354,0.08000000649895349,nan,0.41687004335792394,0.7081367230959446,0.8000000363193495,nan,3.3075831813300165,7.772475535717217,25.169767153968962,0.006374219039669689,-0.002851623296883182,0.0035225957427865067,0.000888162414447763,0.042658998207029,-0.02536565646436794,0.01729334174266106,0.004202046470270003,0.016825860650635144,-0.0055090488131099916,0.011316811837525153,0.002830650054017393,0.04003225867790744,-0.011422105906720397,0.028610152771187048,0.007032696318393044,0.03894287221070401,-0.006810123527000561,0.032132748683703444,0.00792085877780815,0.013034232480713358,-0.010738016914619938,0.002296215566093418,0.0006087252797130246,0.0,-0.0983645971949408,-0.0983645971949408,-0.02443546810367363,4.347318084910298e-06,-0.029338973563411835,-0.029334626245326925,-0.007270376171740038,0.0885091151693278,-0.12956981746002574,-0.041060702290697956,-0.010428691481270468
VFB_L08_W05,0.8,normal_hover,all,41.156,80.836,2596,0.02468409704065693,0.05252758166673944,0.05999085215567314,0.0,0.055707207466106475,0.11378396843992528,0.17273082597996456,0.0,0.024313599495759314,0.04600838997669063,0.06038550929029307,0.0,0.041082715827214095,0.08027160178281108,0.15938007982804941,0.0,0.12054162052453495,0.28484361935343455,0.6368911852896827,0.042801986129517335,0.06958312855930675,0.18575343891553672,0.0,0.12008387298991967,0.27523963599608814,0.6077110769604813,0.02266230225342758,0.03716578817130712,0.0437636268521714,0.0,0.048927663918537145,0.12451811809450111,0.2000000117351304,0.0,0.005579007901312802,0.0,0.08000000488382267,0.0,0.0822426268392056,0.1872724347224322,0.3642433776306941,0.0,0.2815515175507473,0.6904575358594429,2.0574269796972526,0.007712695548831111,-0.012301341959934178,-0.0045886464111030666,-0.0002221183505274545,0.006337498749557205,-0.054642420351683735,-0.04830492160212653,-0.0023381257879911493,0.026430410552047902,-0.001975774692818097,0.024454635859229808,0.00117873535671298,0.007954680785248474,-0.03180496683220844,-0.02385028604695997,-0.0011593904449373926,0.008075400173217097,-0.03651433228727158,-0.02843893211405448,-0.0013815087797191586,0.012299030306870034,-0.007121175084963171,0.005177855221906863,0.00025169541320769025,0.0,-0.07806626828800102,-0.07806626828800102,-0.003769068357517505,0.0,-0.0006320121517346759,-0.0006320121517346759,-3.0432018092000706e-05,0.004428892565969831,-0.1063882496584605,-0.10195935709249065,-0.004929313727543252
VFB_L08_W05,0.8,final_10s,all,87.376,97.376,1250,0.020384229902103364,0.04154212933157292,0.04377218823348519,1.699441801121183e-06,0.0435891859181468,0.07920860655852269,0.10427411750246503,6.114442667413142e-05,0.017606523624292464,0.03285938145237586,0.04502549166898101,1.9336181893867728e-05,0.031144817931811338,0.0541096121758524,0.07686355430784544,1.8394994325454297e-05,0.08013714813834905,0.1720104528921168,0.5009746062446555,0.029234700112719787,0.052500466897295574,0.061189137325737095,1.9524497312731097e-05,0.08059802567824098,0.16290355250370223,0.5111990186095463,0.017588975610818507,0.03687540335967532,0.04293453066404074,4.867419265263785e-06,0.028687395320785947,0.07988137999712858,0.18254790611267185,8.558068212888198e-06,0.0017110796497367816,0.0,0.029857341149628756,7.587781778536948e-12,0.05255997089639599,0.12547517489237697,0.1908078558405924,5.208718559453196e-05,0.206594549620417,0.5084044195645655,1.9352342675502223,0.0025198292618747466,-0.0033018908057792975,-0.0007820615439045513,-8.012321731280281e-05,0.002966794334291988,-0.012077151456310047,-0.009110357122018058,-0.0009173636074174965,0.006082067130457294,-0.0006662203589348786,0.005415846771522416,0.0005460246494858438,0.003118668944349791,-0.006813179337407737,-0.0036945103930579462,-0.0003713389617385928,0.002692613901819641,-0.00716918577287697,-0.004476571871057329,-0.0004514621728172642,0.002970504554232949,-0.0033946258647928845,-0.00042412131055993515,-3.9959669092729655e-05,0.0,-0.013269938230236254,-0.013269938230236254,-0.0013455034066148074,0.0,-6.691739865346164e-05,-6.691739865346164e-05,-6.691739865345881e-06,0.002207472928829258,-0.020445021669333097,-0.018237548740503838,-0.0018436169809104726
